2024-01-01,null
2024-01-02,null
2024-01-03,null
2024-01-04,null
2024-01-05,null
2024-01-06,null
2024-01-07,null
2024-01-08,null
2024-01-09,null
2024-01-10,null
2024-01-11,null
2024-01-12,null
2024-01-13,null
2024-01-14,null
2024-01-15,null
2024-01-16,null
2024-01-17,null
2024-01-18,null
2024-02-01,GP
2024-02-02,BE
2024-02-03,SJ
2024-02-04,LV
2024-02-05,FJ
2024-02-06,AF
2024-02-07,RO
2024-02-08,CU
2024-02-09,VC
2024-02-10,DZ
2024-02-11,RS
2024-02-12,FI
2024-02-13,TL
2024-02-14,GU
2024-02-15,VE
2024-02-16,HU
2024-02-17,AR
2024-02-18,MD
2024-02-19,BG
2024-02-20,AU
2024-02-21,GD
2024-02-22,MX
2024-02-23,UY
2024-02-24,PF
2024-02-25,AG
2024-02-26,ES
2024-02-27,BB
2024-02-28,GG
2024-02-29,NL
2024-03-01,AW
2024-03-02,PA
2024-03-03,FM
2024-03-04,SV
2024-03-05,IT
2024-03-06,BS
2024-03-07,NO
2024-03-08,FR
2024-03-09,BY
2024-03-10,GB
2024-03-11,BR
2024-03-12,WS
2024-03-13,SI
2024-03-14,NZ
2024-03-15,JM
2024-03-16,LC
2024-03-17,GR
2024-03-18,DE
2024-03-19,BO
2024-03-20,GY
2024-03-21,IM
2024-03-22,LU
2024-03-23,CA
2024-03-24,CZ
2024-03-25,GF
2024-03-26,GT
2024-03-27,HN
2024-03-28,JE
2024-03-29,ME
2024-03-30,MT
2024-03-31,BZ
2024-04-01,HM
2024-04-02,AL
2024-04-03,CY
2024-04-04,HR
2024-04-05,BA
2024-04-06,DM
2024-04-07,HT
2024-04-08,CH
2024-04-09,PE
2024-04-10,IE
2024-04-11,IS
2024-04-12,DO
2024-04-13,DK
2024-04-14,EC
2024-04-15,CO
2024-04-16,CL
2024-04-17,PG
2024-04-18,PL
2024-04-19,PN
2024-04-20,KI
2024-04-21,TT
2024-04-22,BF
2024-04-23,TH
2024-04-24,SZ
2024-04-25,IO
2024-04-26,MW
2024-04-27,UA
2024-04-28,LI
2024-04-29,JP
2024-04-30,ZA
2024-05-01,IN
2024-05-02,SS
2024-05-03,PT
2024-05-04,GQ
2024-05-05,SE
2024-05-06,AD
2024-05-07,TG
2024-05-08,BT
2024-05-09,GH
2024-05-10,UZ
2024-05-11,ER
2024-05-12,TR
2024-05-13,SL
2024-05-14,YE
2024-05-15,GI
2024-05-16,NC
2024-05-17,EH
2024-05-18,TF
2024-05-19,TM
2024-05-20,PR
2024-05-21,BN
2024-05-22,TN
2024-05-23,PY
2024-05-24,IQ
2024-05-25,KE
2024-05-26,HK
2024-05-27,CG
2024-05-28,GL
2024-05-29,SA
2024-05-30,AU
2024-05-31,NI
2024-06-01,PH
2024-06-02,RO
2024-06-03,ET
2024-06-04,MS
2024-06-05,EE
2024-06-06,RU
2024-06-07,VU
2024-06-08,AE
2024-06-09,GN
2024-06-10,AT
2024-06-11,US
2024-06-12,SB
2024-06-13,MQ
2024-06-14,QA
2024-06-15,LR
2024-06-16,KZ
2024-06-17,RW
2024-06-18,GE
2024-06-19,SN
2024-06-20,TL
2024-06-21,ES
2024-06-22,NZ
2024-06-23,KH
2024-06-24,FI
2024-06-25,KR
2024-06-26,UY
2024-06-27,GM
2024-06-28,FO
2024-06-29,AZ
2024-06-30,CI
2024-07-01,GB
2024-07-02,BW
2024-07-03,SV
2024-07-04,LK
2024-07-05,CZ
2024-07-06,BS
2024-07-07,RE
2024-07-08,FK
2024-07-09,SK
2024-07-10,SO
2024-07-11,BD
2024-07-12,UG
2024-07-13,GF
2024-07-14,BY
2024-07-15,FR
2024-07-16,SH
2024-07-17,BG
2024-07-18,IT
2024-07-19,NA
2024-07-20,FJ
2024-07-21,DO
2024-07-22,TJ
2024-07-23,AL
2024-07-24,ID
2024-07-25,CV
2024-07-26,RS
2024-07-27,SD
2024-07-28,MM
2024-07-29,CY
2024-07-30,NO
2024-07-31,VE
2024-08-01,SR
2024-08-02,ZW
2024-08-03,CH
2024-08-04,BF
2024-08-05,BM
2024-08-06,LY
2024-08-07,KP
2024-08-08,DZ
2024-08-09,CN
2024-08-10,IS
2024-08-11,CA
2024-08-12,DE
2024-08-13,MT
2024-08-14,BE
2024-08-15,LV
2024-08-16,NE
2024-08-17,BZ
2024-08-18,BJ
2024-08-19,IR
2024-08-20,BI
2024-08-21,NR
2024-08-22,NG
2024-08-23,CL
2024-08-24,MK
2024-08-25,MY
2024-08-26,PA
2024-08-27,EC
2024-08-28,ZM
2024-08-29,YE
2024-08-30,KI
2024-08-31,AR
2024-09-01,UA
2024-09-02,IQ
2024-09-03,LT
2024-09-04,CO
2024-09-05,NC
2024-09-06,OM
2024-09-07,NU
2024-09-08,SI
2024-09-09,TM
2024-09-10,CG
2024-09-11,LA
2024-09-12,TZ
2024-09-13,MX
2024-09-14,UZ
2024-09-15,DJ
2024-09-16,CW
2024-09-17,TF
2024-09-18,KG
2024-09-19,CR
2024-09-20,VN
2024-09-21,ZA
2024-09-22,BT
2024-09-23,BO
2024-09-24,BB
2024-09-25,IE
2024-09-26,EH
2024-09-27,PK
2024-09-28,PY
2024-09-29,BA
2024-09-30,HR
2024-10-01,GA
2024-10-02,JM
2024-10-03,GH
2024-10-04,JP
2024-10-05,DM
2024-10-06,PG
2024-10-07,KZ
2024-10-08,AT
2024-10-09,CI
2024-10-10,KW
2024-10-11,SN
2024-10-12,MN
2024-10-13,UY
2024-10-14,KH
2024-10-15,AO
2024-10-16,AS
2024-10-17,GT
2024-10-18,KE
2024-10-19,MD
2024-10-20,RO
2024-10-21,AE
2024-10-22,AQ
2024-10-23,BW
2024-10-24,KY
2024-10-25,NL
2024-10-26,NZ
2024-10-27,AZ
2024-10-28,BY
2024-10-29,CM
2024-10-30,GB
2024-10-31,BR
2024-11-01,BV
2024-11-02,HT
2024-11-03,IT
2024-11-04,AM
2024-11-05,LS
2024-11-06,AU
2024-11-07,NP
2024-11-08,LR
2024-11-09,ME
2024-11-10,CF
2024-11-11,AD
2024-11-12,TD
2024-11-13,MM
2024-11-14,BS
2024-11-15,MR
2024-11-16,NI
2024-11-17,EE
2024-11-18,HN
2024-11-19,NF
2024-11-20,ZW
2024-11-21,PE
2024-11-22,CU
2024-11-23,BN
2024-11-24,CY
2024-11-25,SS
2024-11-26,TR
2024-11-27,LY
2024-11-28,SV
2024-11-29,ES
2024-11-30,RS
2024-12-01,ID
2024-12-02,JE
2024-12-03,MG
2024-12-04,CN
2024-12-05,PR
2024-12-06,CZ
2024-12-07,CA
2024-12-08,IO
2024-12-09,ML
2024-12-10,BE
2024-12-11,SJ
2024-12-12,IS
2024-12-13,PW
2024-12-14,MA
2024-12-15,PL
2024-12-16,NE
2024-12-17,SB
2024-12-18,MZ
2024-12-19,BD
2024-12-20,MK
2024-12-21,QA
2024-12-22,MX
2024-12-23,NU
2024-12-24,LA
2024-12-25,AR
2024-12-26,UG
2024-12-27,RU
2024-12-28,GQ
2024-12-29,GE
2024-12-30,HU
2024-12-31,KM
2025-01-01,NC
2025-01-02,KG
2025-01-03,BJ
2025-01-04,BZ
2025-01-05,PA
2025-01-06,KR
2025-01-07,BO
2025-01-08,MS
2025-01-09,NA
2025-01-10,PH
2025-01-11,SO
2025-01-12,LK
2025-01-13,IE
2025-01-14,NG
2025-01-15,BA
2025-01-16,CR
2025-01-17,VE
2025-01-18,CC
2025-01-19,BG
2025-01-20,GR
2025-01-21,RW
2025-01-22,SR
2025-01-23,DO
2025-01-24,TM
2025-01-25,CL
2025-01-26,LI
2025-01-27,DE
2025-01-28,VU
2025-01-29,SK
2025-01-30,RO
2025-01-31,SD
2025-02-01,SE
2025-02-02,PT
2025-02-03,RE
2025-02-04,CH
2025-02-05,DK
2025-02-06,IN
2025-02-07,PY
2025-02-08,FI
2025-02-09,AT
2025-02-10,BW
2025-02-11,YE
2025-02-12,CD
2025-02-13,TW
2025-02-14,CW
2025-02-15,UA
2025-02-16,HT
2025-02-17,VN
2025-02-18,TZ
2025-02-19,CO
2025-02-20,TL
2025-02-21,AF
2025-02-22,BQ
2025-02-23,BF
2025-02-24,GL
2025-02-25,BY
2025-02-26,KH
2025-02-27,SN
2025-02-28,TH
2025-03-01,TG
2025-03-02,HK
2025-03-03,NZ
2025-03-04,BT
2025-03-05,FR
2025-03-06,AE
2025-03-07,BS
2025-03-08,GT
2025-03-09,AO
2025-03-10,CY
2025-03-11,CF
2025-03-12,NI
2025-03-13,SH
2025-03-14,BR
2025-03-15,AZ
2025-03-16,GB
2025-03-17,MD
2025-03-18,CI
2025-03-19,MN
2025-03-20,BI
2025-03-21,SJ
2025-03-22,CU
2025-03-23,EC
2025-03-24,AG
2025-03-25,GW
2025-03-26,SA
2025-03-27,GH
2025-03-28,CA
2025-03-29,CM
2025-03-30,SV
2025-03-31,KZ
2025-04-01,AW
2025-04-02,ZM
2025-04-03,BD
2025-04-04,SL
2025-04-05,GY
2025-04-06,RU
2025-04-07,KP
2025-04-08,UG
2025-04-09,LT
2025-04-10,LA
2025-04-11,NU
2025-04-12,GF
2025-04-13,RS
2025-04-14,SI
2025-04-15,AQ
2025-04-16,MK
2025-04-17,US
2025-04-18,IO
2025-04-19,SB
2025-04-20,HR
2025-04-21,VA
2025-04-22,EH
2025-04-23,TJ
2025-04-24,GN
2025-04-25,NL
2025-04-26,CN
2025-04-27,TT
2025-04-28,MY
2025-04-29,BV
2025-04-30,ID
2025-05-01,PG
2025-05-02,BO
2025-05-03,AL
2025-05-04,UY
2025-05-05,LK
2025-05-06,GQ
2025-05-07,UZ
2025-05-08,KN
2025-05-09,TR
2025-05-10,SK
2025-05-11,MM
2025-05-12,RW
2025-05-13,TM
2025-05-14,NA
2025-05-15,QA
2025-05-16,CV
2025-05-17,PK
2025-05-18,AR
2025-05-19,GR
2025-05-20,LR
2025-05-21,BE
2025-05-22,PY
2025-05-23,MX
2025-05-24,BH
2025-05-25,DO
2025-05-26,DJ
2025-05-27,KW
2025-05-28,IS
2025-05-29,DZ
2025-05-30,UA
2025-05-31,SO
2025-06-01,GS
2025-06-02,TL
2025-06-03,HT
2025-06-04,BA
2025-06-05,ER
2025-06-06,KR
2025-06-07,AU
2025-06-08,NP
2025-06-09,JE
2025-06-10,IR
2025-06-11,NZ
2025-06-12,ME
2025-06-13,TN
2025-06-14,SE
2025-06-15,RO
2025-06-16,SS
2025-06-17,PW
2025-06-18,EE
2025-06-19,BG
2025-06-20,GM
2025-06-21,VE
2025-06-22,JM
2025-06-23,FI
2025-06-24,NO
2025-06-25,TZ
2025-06-26,CX
2025-06-27,FR
2025-06-28,PT
2025-06-29,SZ
2025-06-30,IN
2025-07-01,GA
2025-07-02,AZ
2025-07-03,MD
2025-07-04,ET
2025-07-05,BN
2025-07-06,BF
2025-07-07,PN
2025-07-08,SA
2025-07-09,PA
2025-07-10,CH
2025-07-11,MA
2025-07-12,ES
2025-07-13,ML
2025-07-14,PH
2025-07-15,PF
2025-07-16,MR
2025-07-17,AE
2025-07-18,PR
2025-07-19,MN
2025-07-20,TF
2025-07-21,UG
2025-07-22,NC
2025-07-23,TC
2025-07-24,VU
2025-07-25,SI
2025-07-26,ZA
2025-07-27,NI
2025-07-28,NE
2025-07-29,BS
2025-07-30,RU
2025-07-31,GB
2025-08-01,BZ
2025-08-02,IO
2025-08-03,GP
2025-08-04,PE
2025-08-05,MZ
2025-08-06,SR
2025-08-07,SD
2025-08-08,PL
2025-08-09,ID
2025-08-10,LY
2025-08-11,BD
2025-08-12,LI
2025-08-13,KP
2025-08-14,FK
2025-08-15,KG
2025-08-16,PG
2025-08-17,KE
2025-08-18,SK
2025-08-19,FJ
2025-08-20,MK
2025-08-21,GN
2025-08-22,NL
2025-08-23,NG
2025-08-24,SB
2025-08-25,NF
2025-08-26,KH
2025-08-27,IE
2025-08-28,LK
2025-08-29,NA
2025-08-30,IT
2025-08-31,MX
2025-09-01,SJ
2025-09-02,VA
2025-09-03,LR
2025-09-04,QA
2025-09-05,LV
2025-09-06,OM
2025-09-07,BI
2025-09-08,BR
2025-09-09,TH
2025-09-10,MP
2025-09-11,JP
2025-09-12,DE
2025-09-13,DO
2025-09-14,LS
2025-09-15,HR
2025-09-16,MM
2025-09-17,IS
2025-09-18,CC
2025-09-19,GT
2025-09-20,UY
2025-09-21,TL
2025-09-22,ME
2025-09-23,HN
2025-09-24,GF
2025-09-25,GW
2025-09-26,MT
2025-09-27,NP
2025-09-28,NZ
2025-09-29,MW
2025-09-30,AM
2025-10-01,LT
2025-10-02,CN
2025-10-03,PY
2025-10-04,AW
2025-10-05,NO
2025-10-06,TJ
2025-10-07,TT
2025-10-08,CM
2025-10-09,EC
2025-10-10,EE
2025-10-11,PT
2025-10-12,TV
2025-10-13,AF
2025-10-14,SO
2025-10-15,BN
2025-10-16,UA
2025-10-17,BJ
2025-10-18,KR
2025-10-19,MD
2025-10-20,SS
2025-10-21,AU
2025-10-22,GA
2025-10-23,PK
2025-10-24,SL
2025-10-25,PA
2025-10-26,TG
2025-10-27,PF
2025-10-28,JM
2025-10-29,SE
2025-10-30,TM
2025-10-31,SN
2025-11-01,AT
2025-11-02,IR
2025-11-03,MG
2025-11-04,MV
2025-11-05,MR
2025-11-06,CO
2025-11-07,NI
2025-11-08,CR
2025-11-09,SI
2025-11-10,IO
2025-11-11,SV
2025-11-12,SG
2025-11-13,CY
2025-11-14,BY
2025-11-15,VE
2025-11-16,RW
2025-11-17,GE
2025-11-18,LY
2025-11-19,BT
2025-11-20,CA
2025-11-21,CV
2025-11-22,KP
2025-11-23,BG
2025-11-24,KZ
2025-11-25,NC
2025-11-26,KE
2025-11-27,IN
2025-11-28,RS
2025-11-29,TZ
2025-11-30,MY
2025-12-01,SC
2025-12-02,KW
2025-12-03,VU
2025-12-04,MN
2025-12-05,ZW
2025-12-06,UZ
2025-12-07,EH
2025-12-08,NL
2025-12-09,BS
2025-12-10,TK
2025-12-11,GH
2025-12-12,CU
2025-12-13,ID
2025-12-14,CZ
2025-12-15,ML
2025-12-16,AL
2025-12-17,ZM
2025-12-18,OM
2025-12-19,CH
2025-12-20,BR
2025-12-21,VA
2025-12-22,TF
2025-12-23,TN
2025-12-24,GL
2025-12-25,DJ
2025-12-26,SB
2025-12-27,VN
2025-12-28,MA
2025-12-29,FM
2025-12-30,BD
2025-12-31,BO
2026-01-01,DZ
2026-01-02,FI
2026-01-03,QA
2026-01-04,GQ
2026-01-05,MX
2026-01-06,TH
2026-01-07,SR
2026-01-08,ES
2026-01-09,GY
2026-01-10,IQ
2026-01-11,CD
2026-01-12,CN
2026-01-13,CI
2026-01-14,HT
2026-01-15,DK
2026-01-16,BQ
2026-01-17,AO
2026-01-18,PG
2026-01-19,GM
2026-01-20,EE
2026-01-21,BE
2026-01-22,AZ
2026-01-23,NA
2026-01-24,MT
2026-01-25,US
2026-01-26,DO
2026-01-27,HN
2026-01-28,SJ
2026-01-29,AR
2026-01-30,HU
2026-01-31,PY
2026-02-01,LU
2026-02-02,EC
2026-02-03,DE
2026-02-04,BJ
2026-02-05,HR
2026-02-06,BZ
2026-02-07,ER
2026-02-08,AQ
2026-02-09,FK
2026-02-10,SX
2026-02-11,GR
2026-02-12,MD
2026-02-13,BA
2026-02-14,MK
2026-02-15,BW
2026-02-16,NO
2026-02-17,PE
2026-02-18,BV
2026-02-19,TG
2026-02-20,IE
2026-02-21,CM
2026-02-22,SK
2026-02-23,SO
2026-02-24,LK
2026-02-25,IS
2026-02-26,NI
2026-02-27,IO
2026-02-28,MQ
2026-03-01,SV
2026-03-02,BT
2026-03-03,SL
2026-03-04,KR
2026-03-05,SD
2026-03-06,FR
2026-03-07,VE
2026-03-08,LS
2026-03-09,HK
2026-03-10,BG
2026-03-11,SI
2026-03-12,UA
2026-03-13,FJ
2026-03-14,IN
2026-03-15,UY
2026-03-16,GF
2026-03-17,AG
2026-03-18,AM
2026-03-19,TT
2026-03-20,BN
2026-03-21,PA
2026-03-22,BF
2026-03-23,NZ
2026-03-24,AE
2026-03-25,KY
2026-03-26,ME
2026-03-27,CU
2026-03-28,EH
2026-03-29,PH
2026-03-30,CA
2026-03-31,NE
2026-04-01,RS
2026-04-02,MS
2026-04-03,GE
2026-04-04,NL
2026-04-05,LV
2026-04-06,MY
2026-04-07,CG
2026-04-08,PL
2026-04-09,SB
2026-04-10,TC
2026-04-11,KG
2026-04-12,ZM
2026-04-13,KH
2026-04-14,PT
2026-04-15,GA
2026-04-16,AL
2026-04-17,MX
2026-04-18,NF
2026-04-19,CR
2026-04-20,PR
2026-04-21,SA
2026-04-22,BR
2026-04-23,CY
2026-04-24,GY
2026-04-25,GB
2026-04-26,HM
2026-04-27,AO
2026-04-28,GT
2026-04-29,ET
2026-04-30,ES
2026-05-01,GH
2026-05-02,MN
2026-05-03,SE
2026-05-04,YE
2026-05-05,CI
2026-05-06,DK
2026-05-07,HN
2026-05-08,ZW
2026-05-09,CL
2026-05-10,NG
2026-05-11,PN
2026-05-12,IT
2026-05-13,TL
2026-05-14,AR
2026-05-15,UZ
2026-05-16,HR
2026-05-17,BI
2026-05-18,LA
2026-05-19,CZ
2026-05-20,SR
2026-05-21,MZ
2026-05-22,BB
2026-05-23,LT
2026-05-24,SN
2026-05-25,DO
2026-05-26,FK
2026-05-27,FI
2026-05-28,QA
2026-05-29,GW
2026-05-30,BM
2026-05-31,CN
2026-06-01,GR
2026-06-02,NC
2026-06-03,SJ
2026-06-04,TR
2026-06-05,TG
2026-06-06,PK
2026-06-07,CO
2026-06-08,DE
2026-06-09,TK
2026-06-10,MR
2026-06-11,NP
2026-06-12,MA
2026-06-13,EC
2026-06-14,SZ
2026-06-15,VU
2026-06-16,BT
2026-06-17,CV
2026-06-18,BS
2026-06-19,RW
2026-06-20,TH
2026-06-21,BZ
2026-06-22,IQ
2026-06-23,CD
2026-06-24,BO
2026-06-25,JM
2026-06-26,CX
2026-06-27,FJ
2026-06-28,KP
2026-06-29,NI
2026-06-30,FR
2026-07-01,DJ
2026-07-02,BD
2026-07-03,HU
2026-07-04,CH
2026-07-05,IS
2026-07-06,NR
2026-07-07,VE
2026-07-08,SV
2026-07-09,RO
2026-07-10,US
2026-07-11,UY
2026-07-12,BG
2026-07-13,BJ
2026-07-14,VC
2026-07-15,VN
2026-07-16,BA
2026-07-17,EH
2026-07-18,MM
2026-07-19,MK
2026-07-20,GQ
2026-07-21,KR
2026-07-22,TV
2026-07-23,PA
2026-07-24,JP
2026-07-25,NO
2026-07-26,NZ
2026-07-27,SO
2026-07-28,AL
2026-07-29,BE
2026-07-30,MU
2026-07-31,OM
2026-08-01,NE
2026-08-02,PE
2026-08-03,BW
2026-08-04,TM
2026-08-05,RU
2026-08-06,ZM
2026-08-07,IM
2026-08-08,ER
2026-08-09,AF
2026-08-10,NA
2026-08-11,IE
2026-08-12,SA
2026-08-13,GA
2026-08-14,TF
2026-08-15,ML
2026-08-16,FO
2026-08-17,RS
2026-08-18,PG
2026-08-19,BR
2026-08-20,PL
2026-08-21,SL
2026-08-22,MD
2026-08-23,TD
2026-08-24,KH
2026-08-25,VI
2026-08-26,GF
2026-08-27,TZ
2026-08-28,PY
2026-08-29,KE
2026-08-30,MN
2026-08-31,LV
2026-09-01,ME
2026-09-02,PM
2026-09-03,CL
2026-09-04,GL
2026-09-05,IO
2026-09-06,MG
2026-09-07,BY
2026-09-08,TT
2026-09-09,PR
2026-09-10,VA
2026-09-11,TL
2026-09-12,SN
2026-09-13,HT
2026-09-14,IT
2026-09-15,UZ
2026-09-16,FI
2026-09-17,AT
2026-09-18,SH
2026-09-19,CZ
2026-09-20,SK
2026-09-21,SI
2026-09-22,SB
2026-09-23,PH
2026-09-24,MW
2026-09-25,ES
2026-09-26,SJ
2026-09-27,PT
2026-09-28,PK
2026-09-29,TK
2026-09-30,CN
2026-10-01,LS
2026-10-02,NL
2026-10-03,MY
2026-10-04,RW
2026-10-05,KW
2026-10-06,FK
2026-10-07,AW
2026-10-08,DZ
2026-10-09,UA
2026-10-10,BN
2026-10-11,GT
2026-10-12,TG
2026-10-13,AE
2026-10-14,BI
2026-10-15,VU
2026-10-16,ID
2026-10-17,DE
2026-10-18,NU
2026-10-19,US
2026-10-20,CD
2026-10-21,BS
2026-10-22,EC
2026-10-23,DJ
2026-10-24,FR
2026-10-25,TW
2026-10-26,TN
2026-10-27,PN
2026-10-28,GR
2026-10-29,QA
2026-10-30,AO
2026-10-31,RO
2026-11-01,CO
2026-11-02,ZA
2026-11-03,IQ
2026-11-04,LT
2026-11-05,UY
2026-11-06,KN
2026-11-07,MM
2026-11-08,GN
2026-11-09,KR
2026-11-10,LR
2026-11-11,IR
2026-11-12,GM
2026-11-13,AQ
2026-11-14,GS
2026-11-15,OM
2026-11-16,CU
2026-11-17,GB
2026-11-18,JM
2026-11-19,CG
2026-11-20,GE
2026-11-21,BW
2026-11-22,NI
2026-11-23,SS
2026-11-24,GI
2026-11-25,BT
2026-11-26,GH
2026-11-27,SR
2026-11-28,ER
2026-11-29,BG
2026-11-30,BZ
2026-12-01,IE
2026-12-02,GG
2026-12-03,VE
2026-12-04,GF
2026-12-05,NA
2026-12-06,LK
2026-12-07,RU
2026-12-08,TR
2026-12-09,DK
2026-12-10,VG
2026-12-11,DO
2026-12-12,BE
2026-12-13,NO
2026-12-14,NP
2026-12-15,BJ
2026-12-16,TH
2026-12-17,CM
2026-12-18,VN
2026-12-19,ME
2026-12-20,TD
2026-12-21,IN
2026-12-22,NR
2026-12-23,HR
2026-12-24,MG
2026-12-25,PA
2026-12-26,SV
2026-12-27,FJ
2026-12-28,RS
2026-12-29,IS
2026-12-30,GL
2026-12-31,CA
2027-01-01,CV
2027-01-02,TF
2027-01-03,BF
2027-01-04,LV
2027-01-05,GW
2027-01-06,PR
2027-01-07,AT
2027-01-08,ES
2027-01-09,KZ
2027-01-10,JE
2027-01-11,AF
2027-01-12,NL
2027-01-13,FI
2027-01-14,TJ
2027-01-15,SB
2027-01-16,RW
2027-01-17,CR
2027-01-18,UZ
2027-01-19,AW
2027-01-20,GA
2027-01-21,HT
2027-01-22,ZW
2027-01-23,PT
2027-01-24,SA
2027-01-25,HU
2027-01-26,BD
2027-01-27,PW
2027-01-28,MW
2027-01-29,PG
2027-01-30,HN
2027-01-31,SO
2027-02-01,FR
2027-02-02,SJ
2027-02-03,CH
2027-02-04,BR
2027-02-05,WF
2027-02-06,AR
2027-02-07,BI
2027-02-08,NC
2027-02-09,UG
2027-02-10,NZ
2027-02-11,QA
2027-02-12,LT
2027-02-13,IQ
2027-02-14,KY
2027-02-15,MK
2027-02-16,SZ
2027-02-17,CL
2027-02-18,PY
2027-02-19,MY
2027-02-20,GR
2027-02-21,LR
2027-02-22,CZ
2027-02-23,GM
2027-02-24,VU
2027-02-25,HM
2027-02-26,ID
2027-02-27,NE
2027-02-28,YE
2027-03-01,CF
2027-03-02,GE
2027-03-03,GY
2027-03-04,SE
2027-03-05,TW
2027-03-06,GP
2027-03-07,TN
2027-03-08,DE
2027-03-09,GB
2027-03-10,IR
2027-03-11,IE
2027-03-12,BN
2027-03-13,CO
2027-03-14,BZ
2027-03-15,CI
2027-03-16,CW
2027-03-17,ML
2027-03-18,LK
2027-03-19,LS
2027-03-20,UY
2027-03-21,LY
2027-03-22,KR
2027-03-23,PE
2027-03-24,MP
2027-03-25,CG
2027-03-26,VE
2027-03-27,IT
2027-03-28,BW
2027-03-29,NP
2027-03-30,MR
2027-03-31,JM
2027-04-01,TZ
2027-04-02,DK
2027-04-03,MT
2027-04-04,AL
2027-04-05,PH
2027-04-06,BE
2027-04-07,AM
2027-04-08,TL
2027-04-09,MX
2027-04-10,CD
2027-04-11,SV
2027-04-12,KH
2027-04-13,AI
2027-04-14,PL
2027-04-15,AQ
2027-04-16,PR
2027-04-17,TH
2027-04-18,GH
2027-04-19,AU
2027-04-20,VN
2027-04-21,CM
2027-04-22,JP
2027-04-23,LI
2027-04-24,IO
2027-04-25,HR
2027-04-26,CU
2027-04-27,CA
2027-04-28,BT
2027-04-29,IS
2027-04-30,GQ
2027-05-01,TR
2027-05-02,EE
2027-05-03,DJ
2027-05-04,RO
2027-05-05,TJ
2027-05-06,TG
2027-05-07,AE
2027-05-08,BY
2027-05-09,EH
2027-05-10,FI
2027-05-11,CX
2027-05-12,MD
2027-05-13,CY
2027-05-14,AZ
2027-05-15,HT
2027-05-16,KG
2027-05-17,KE
2027-05-18,GL
2027-05-19,LU
2027-05-20,LA
2027-05-21,MG
2027-05-22,PT
2027-05-23,DO
2027-05-24,PA
2027-05-25,NG
2027-05-26,US
2027-05-27,SM
2027-05-28,HN
2027-05-29,SD
2027-05-30,TM
2027-05-31,EC
2027-06-01,ER
2027-06-02,HU
2027-06-03,UG
2027-06-04,BM
2027-06-05,KW
2027-06-06,SB
2027-06-07,SO
2027-06-08,AT
2027-06-09,PG
2027-06-10,CF
2027-06-11,CZ
2027-06-12,NA
2027-06-13,QA
2027-06-14,BO
2027-06-15,MW
2027-06-16,GF
2027-06-17,AG
2027-06-18,FJ
2027-06-19,UZ
2027-06-20,VU
2027-06-21,YE
2027-06-22,SZ
2027-06-23,KZ
2027-06-24,GT
2027-06-25,WS
2027-06-26,SS
2027-06-27,RU
2027-06-28,GB
2027-06-29,BF
2027-06-30,MY
2027-07-01,ET
2027-07-02,LV
2027-07-03,ST
2027-07-04,FR
2027-07-05,BG
2027-07-06,RW
2027-07-07,BD
2027-07-08,GM
2027-07-09,TT
2027-07-10,GR
2027-07-11,TN
2027-07-12,KN
2027-07-13,NC
2027-07-14,DK
2027-07-15,KR
2027-07-16,UA
2027-07-17,FK
2027-07-18,NO
2027-07-19,GN
2027-07-20,BB
2027-07-21,ZM
2027-07-22,SV
2027-07-23,LY
2027-07-24,LT
2027-07-25,SK
2027-07-26,PR
2027-07-27,UY
2027-07-28,VI
2027-07-29,PK
2027-07-30,BE
2027-07-31,GW
2027-08-01,TL
2027-08-02,CL
2027-08-03,GY
2027-08-04,CD
2027-08-05,BS
2027-08-06,CC
2027-08-07,IS
2027-08-08,BI
2027-08-09,TR
2027-08-10,SN
2027-08-11,PH
2027-08-12,NZ
2027-08-13,MZ
2027-08-14,TC
2027-08-15,BZ
2027-08-16,PL
2027-08-17,IN
2027-08-18,IT
2027-08-19,TJ
2027-08-20,CM
2027-08-21,VE
2027-08-22,NU
2027-08-23,SA
2027-08-24,HT
2027-08-25,DZ
2027-08-26,ID
2027-08-27,EE
2027-08-28,ZW
2027-08-29,VN
2027-08-30,MP
2027-08-31,CR
2027-09-01,MG
2027-09-02,OM
2027-09-03,BW
2027-09-04,AE
2027-09-05,IE
2027-09-06,TF
2027-09-07,MV
2027-09-08,NI
2027-09-09,TZ
2027-09-10,SE
2027-09-11,KP
2027-09-12,BJ
2027-09-13,GE
2027-09-14,ZA
2027-09-15,MQ
2027-09-16,TM
2027-09-17,SI
2027-09-18,KH
2027-09-19,PA
2027-09-20,HN
2027-09-21,RS
2027-09-22,AF
2027-09-23,FM
2027-09-24,TH
2027-09-25,HU
2027-09-26,MW
2027-09-27,PG
2027-09-28,FJ
2027-09-29,BY
2027-09-30,IO
2027-10-01,FO
2027-10-02,UZ
2027-10-03,BR
2027-10-04,SL
2027-10-05,SB
2027-10-06,KW
2027-10-07,MX
2027-10-08,CA
2027-10-09,DE
2027-10-10,DJ
2027-10-11,FI
2027-10-12,GI
2027-10-13,ER
2027-10-14,PY
2027-10-15,NE
2027-10-16,VU
2027-10-17,CG
2027-10-18,KG
2027-10-19,CU
2027-10-20,NL
2027-10-21,LK
2027-10-22,RE
2027-10-23,LA
2027-10-24,KE
2027-10-25,AL
2027-10-26,CY
2027-10-27,FK
2027-10-28,IR
2027-10-29,RO
2027-10-30,TV
2027-10-31,GN
2027-11-01,BN
2027-11-02,NC
2027-11-03,AU
2027-11-04,FR
2027-11-05,SS
2027-11-06,BG
2027-11-07,LT
2027-11-08,NP
2027-11-09,PM
2027-11-10,DK
2027-11-11,JM
2027-11-12,GF
2027-11-13,SZ
2027-11-14,CN
2027-11-15,SV
2027-11-16,GH
2027-11-17,HM
2027-11-18,ET
2027-11-19,GB
2027-11-20,EC
2027-11-21,AO
2027-11-22,SK
2027-11-23,MY
2027-11-24,PE
2027-11-25,DO
2027-11-26,NR
2027-11-27,LV
2027-11-28,ES
2027-11-29,GR
2027-11-30,CZ
2027-12-01,SO
2027-12-02,PH
2027-12-03,IS
2027-12-04,ML
2027-12-05,GL
2027-12-06,HT
2027-12-07,PF
2027-12-08,AT
2027-12-09,AQ
2027-12-10,IN
2027-12-11,GY
2027-12-12,BE
2027-12-13,CM
2027-12-14,NO
2027-12-15,SD
2027-12-16,CL
2027-12-17,BZ
2027-12-18,SA
2027-12-19,BO
2027-12-20,ME
2027-12-21,TZ
2027-12-22,AG
2027-12-23,BF
2027-12-24,GT
2027-12-25,LS
2027-12-26,TL
2027-12-27,PT
2027-12-28,HR
2027-12-29,AM
2027-12-30,AW
2027-12-31,VE
2028-01-01,TG
2028-01-02,TF
2028-01-03,SN
2028-01-04,CO
2028-01-05,SR
2028-01-06,HU
2028-01-07,GP
2028-01-08,BD
2028-01-09,IE
2028-01-10,CD
2028-01-11,AZ
2028-01-12,IT
2028-01-13,MM
2028-01-14,SJ
2028-01-15,FO
2028-01-16,TH
2028-01-17,EE
2028-01-18,KZ
2028-01-19,MG
2028-01-20,AR
2028-01-21,CR
2028-01-22,FJ
2028-01-23,ID
2028-01-24,VC
2028-01-25,BS
2028-01-26,CG
2028-01-27,NI
2028-01-28,BY
2028-01-29,PG
2028-01-30,EH
2028-01-31,BT
2028-02-01,SE
2028-02-02,FI
2028-02-03,BH
2028-02-04,CA
2028-02-05,RU
2028-02-06,DE
2028-02-07,DZ
2028-02-08,YE
2028-02-09,GA
2028-02-10,KG
2028-02-11,BA
2028-02-12,NL
2028-02-13,MW
2028-02-14,MV
2028-02-15,RS
2028-02-16,CI
2028-02-17,HN
2028-02-18,BW
2028-02-19,BR
2028-02-20,GQ
2028-02-21,IO
2028-02-22,GM
2028-02-23,GE
2028-02-24,MU
2028-02-25,SV
2028-02-26,BN
2028-02-27,BI
2028-02-28,KP
2028-02-29,CH
2028-03-01,CF
2028-03-02,MY
2028-03-03,TD
2028-03-04,TK
2028-03-05,SL
2028-03-06,PY
2028-03-07,EC
2028-03-08,TW
2028-03-09,MX
2028-03-10,TJ
2028-03-11,AU
2028-03-12,IS
2028-03-13,AS
2028-03-14,ML
2028-03-15,PE
2028-03-16,MN
2028-03-17,ZW
2028-03-18,NC
2028-03-19,GN
2028-03-20,AE
2028-03-21,CZ
2028-03-22,MT
2028-03-23,LT
2028-03-24,GB
2028-03-25,NZ
2028-03-26,MR
2028-03-27,MD
2028-03-28,LA
2028-03-29,BG
2028-03-30,MF
2028-03-31,GW
2028-04-01,SB
2028-04-02,KW
2028-04-03,ER
2028-04-04,AT
2028-04-05,IR
2028-04-06,PL
2028-04-07,HR
2028-04-08,AW
2028-04-09,GH
2028-04-10,CN
2028-04-11,GR
2028-04-12,NO
2028-04-13,TZ
2028-04-14,ME
2028-04-15,GY
2028-04-16,LR
2028-04-17,BZ
2028-04-18,RW
2028-04-19,MS
2028-04-20,SD
2028-04-21,OM
2028-04-22,MA
2028-04-23,HT
2028-04-24,BD
2028-04-25,UA
2028-04-26,KR
2028-04-27,US
2028-04-28,UY
2028-04-29,TH
2028-04-30,LU
2028-05-01,BE
2028-05-02,ES
2028-05-03,TL
2028-05-04,TG
2028-05-05,MM
2028-05-06,BS
2028-05-07,NI
2028-05-08,VA
2028-05-09,TF
2028-05-10,BF
2028-05-11,CO
2028-05-12,GL
2028-05-13,PH
2028-05-14,CM
2028-05-15,CL
2028-05-16,TO
2028-05-17,MZ
2028-05-18,AZ
2028-05-19,FK
2028-05-20,NA
2028-05-21,SI
2028-05-22,ET
2028-05-23,PR
2028-05-24,AR
2028-05-25,VG
2028-05-26,TT
2028-05-27,HN
2028-05-28,KH
2028-05-29,NL
2028-05-30,KG
2028-05-31,BY
2028-06-01,CU
2028-06-02,HM
2028-06-03,PK
2028-06-04,SE
2028-06-05,IQ
2028-06-06,GT
2028-06-07,LV
2028-06-08,DZ
2028-06-09,IN
2028-06-10,GI
2028-06-11,NE
2028-06-12,NP
2028-06-13,FI
2028-06-14,CF
2028-06-15,MY
2028-06-16,LS
2028-06-17,TR
2028-06-18,GF
2028-06-19,HK
2028-06-20,LY
2028-06-21,RU
2028-06-22,CY
2028-06-23,HU
2028-06-24,BJ
2028-06-25,CR
2028-06-26,SO
2028-06-27,BQ
2028-06-28,CG
2028-06-29,CA
2028-06-30,BA
2028-07-01,IE
2028-07-02,MN
2028-07-03,BR
2028-07-04,TM
2028-07-05,LI
2028-07-06,NC
2028-07-07,DO
2028-07-08,SR
2028-07-09,ZA
2028-07-10,LK
2028-07-11,SN
2028-07-12,MD
2028-07-13,TN
2028-07-14,MH
2028-07-15,AE
2028-07-16,SJ
2028-07-17,BT
2028-07-18,AU
2028-07-19,UG
2028-07-20,MX
2028-07-21,NZ
2028-07-22,EE
2028-07-23,GD
2028-07-24,GA
2028-07-25,GB
2028-07-26,UZ
2028-07-27,DK
2028-07-28,TD
2028-07-29,BZ
2028-07-30,CI
2028-07-31,PW
2028-08-01,VU
2028-08-02,IT
2028-08-03,NG
2028-08-04,CZ
2028-08-05,ML
2028-08-06,RO
2028-08-07,PT
2028-08-08,NR
2028-08-09,AQ
2028-08-10,GM
2028-08-11,KP
2028-08-12,SZ
2028-08-13,BD
2028-08-14,FR
2028-08-15,VE
2028-08-16,BG
2028-08-17,ZM
2028-08-18,ME
2028-08-19,CH
2028-08-20,OM
2028-08-21,BI
2028-08-22,US
2028-08-23,NI
2028-08-24,GE
2028-08-25,PL
2028-08-26,CD
2028-08-27,NU
2028-08-28,BW
2028-08-29,AT
2028-08-30,MR
2028-08-31,NO
2028-09-01,UY
2028-09-02,BO
2028-09-03,TF
2028-09-04,GQ
2028-09-05,VA
2028-09-06,MA
2028-09-07,EC
2028-09-08,TW
2028-09-09,BF
2028-09-10,DE
2028-09-11,IO
2028-09-12,NL
2028-09-13,SB
2028-09-14,ZW
2028-09-15,AL
2028-09-16,KM
2028-09-17,SV
2028-09-18,CL
2028-09-19,BN
2028-09-20,SS
2028-09-21,SE
2028-09-22,NE
2028-09-23,FK
2028-09-24,LT
2028-09-25,KE
2028-09-26,PM
2028-09-27,DJ
2028-09-28,MM
2028-09-29,GH
2028-09-30,NP
2028-10-01,MZ
2028-10-02,PH
2028-10-03,ET
2028-10-04,HT
2028-10-05,PR
2028-10-06,MU
2028-10-07,QA
2028-10-08,TZ
2028-10-09,JM
2028-10-10,GR
2028-10-11,VN
2028-10-12,DZ
2028-10-13,BA
2028-10-14,HU
2028-10-15,SM
2028-10-16,ES
2028-10-17,KG
2028-10-18,PA
2028-10-19,TJ
2028-10-20,BR
2028-10-21,UA
2028-10-22,GL
2028-10-23,KI
2028-10-24,LK
2028-10-25,CO
2028-10-26,SD
2028-10-27,RS
2028-10-28,BY
2028-10-29,SR
2028-10-30,CU
2028-10-31,SO
2028-11-01,FI
2028-11-02,BV
2028-11-03,TT
2028-11-04,CY
2028-11-05,EE
2028-11-06,NA
2028-11-07,IS
2028-11-08,MX
2028-11-09,VU
2028-11-10,MD
2028-11-11,LA
2028-11-12,TD
2028-11-13,CN
2028-11-14,VG
2028-11-15,IE
2028-11-16,KH
2028-11-17,NG
2028-11-18,FJ
2028-11-19,RO
2028-11-20,PK
2028-11-21,ER
2028-11-22,FO
2028-11-23,PE
2028-11-24,EH
2028-11-25,GY
2028-11-26,SJ
2028-11-27,PG
2028-11-28,MK
2028-11-29,GB
2028-11-30,SC
2028-12-01,JP
2028-12-02,PY
2028-12-03,HN
2028-12-04,CH
2028-12-05,NI
2028-12-06,SL
2028-12-07,CZ
2028-12-08,WF
2028-12-09,PL
2028-12-10,FR
2028-12-11,KW
2028-12-12,ME
2028-12-13,NO
2028-12-14,CD
2028-12-15,MN
2028-12-16,TK
2028-12-17,TW
2028-12-18,GQ
2028-12-19,MY
2028-12-20,SK
2028-12-21,MA
2028-12-22,IN
2028-12-23,SI
2028-12-24,ML
2028-12-25,US
2028-12-26,CM
2028-12-27,GF
2028-12-28,SH
2028-12-29,AE
2028-12-30,CA
2028-12-31,DK
2029-01-01,NL
2029-01-02,MR
2029-01-03,ID
2029-01-04,UY
2029-01-05,PF
2029-01-06,BD
2029-01-07,SS
2029-01-08,SE
2029-01-09,CF
2029-01-10,VE
2029-01-11,PT
2029-01-12,AU
2029-01-13,AI
2029-01-14,BF
2029-01-15,HT
2029-01-16,UG
2029-01-17,TH
2029-01-18,RU
2029-01-19,NE
2029-01-20,VN
2029-01-21,NU
2029-01-22,GR
2029-01-23,BS
2029-01-24,LR
2029-01-25,UZ
2029-01-26,TZ
2029-01-27,NP
2029-01-28,LV
2029-01-29,TO
2029-01-30,KZ
2029-01-31,LS
2029-02-01,DO
2029-02-02,TJ
2029-02-03,DJ
2029-02-04,PH
2029-02-05,UA
2029-02-06,TL
2029-02-07,BL
2029-02-08,RS
2029-02-09,TG
2029-02-10,AT
2029-02-11,AZ
2029-02-12,TT
2029-02-13,SV
2029-02-14,YE
2029-02-15,FI
2029-02-16,SG
2029-02-17,CL
2029-02-18,NC
2029-02-19,NZ
2029-02-20,KP
2029-02-21,SZ
2029-02-22,CU
2029-02-23,CG
2029-02-24,MM
2029-02-25,KN
2029-02-26,JM
2029-02-27,VU
2029-02-28,ZM
2029-03-01,BO
2029-03-02,ZW
2029-03-03,DE
2029-03-04,TN
2029-03-05,EE
2029-03-06,LK
2029-03-07,CK
2029-03-08,TR
2029-03-09,NG
2029-03-10,BA
2029-03-11,EC
2029-03-12,QA
2029-03-13,IE
2029-03-14,CN
2029-03-15,RO
2029-03-16,SB
2029-03-17,LY
2029-03-18,FK
2029-03-19,GB
2029-03-20,TM
2029-03-21,SX
2029-03-22,TD
2029-03-23,KR
2029-03-24,CY
2029-03-25,KW
2029-03-26,CI
2029-03-27,OM
2029-03-28,GL
2029-03-29,IM
2029-03-30,BT
2029-03-31,BY
2029-04-01,MA
2029-04-02,IO
2029-04-03,NI
2029-04-04,HN
2029-04-05,TW
2029-04-06,FM
2029-04-07,BW
2029-04-08,BE
2029-04-09,MG
2029-04-10,MK
2029-04-11,AL
2029-04-12,GW
2029-04-13,BZ
2029-04-14,NF
2029-04-15,AE
2029-04-16,MW
2029-04-17,NL
2029-04-18,BD
2029-04-19,CZ
2029-04-20,GQ
2029-04-21,VE
2029-04-22,RE
2029-04-23,BR
2029-04-24,GN
2029-04-25,SA
2029-04-26,SN
2029-04-27,AF
2029-04-28,SL
2029-04-29,LT
2029-04-30,GT
2029-05-01,VG
2029-05-02,UG
2029-05-03,SR
2029-05-04,DZ
2029-05-05,KG
2029-05-06,SK
2029-05-07,UY
2029-05-08,PG
2029-05-09,ER
2029-05-10,GR
2029-05-11,ET
2029-05-12,CO
2029-05-13,FO
2029-05-14,CR
2029-05-15,BN
2029-05-16,HU
2029-05-17,SI
2029-05-18,MY
2029-05-19,FR
2029-05-20,AO
2029-05-21,KI
2029-05-22,NO
2029-05-23,GY
2029-05-24,FJ
2029-05-25,LR
2029-05-26,AQ
2029-05-27,AR
2029-05-28,MD
2029-05-29,PL
2029-05-30,UZ
2029-05-31,GS
2029-06-01,RU
2029-06-02,HT
2029-06-03,VN
2029-06-04,BF
2029-06-05,MN
2029-06-06,CH
2029-06-07,TG
2029-06-08,YE
2029-06-09,NE
2029-06-10,MO
2029-06-11,GM
2029-06-12,HR
2029-06-13,IS
2029-06-14,SZ
2029-06-15,KZ
2029-06-16,ZM
2029-06-17,PT
2029-06-18,WF
2029-06-19,TF
2029-06-20,IN
2029-06-21,IE
2029-06-22,BO
2029-06-23,ID
2029-06-24,US
2029-06-25,FI
2029-06-26,AG
2029-06-27,CU
2029-06-28,GB
2029-06-29,LY
2029-06-30,GF
2029-07-01,CD
2029-07-02,IR
2029-07-03,SO
2029-07-04,KN
2029-07-05,KP
2029-07-06,TZ
2029-07-07,SJ
2029-07-08,SV
2029-07-09,IQ
2029-07-10,AU
2029-07-11,LS
2029-07-12,SE
2029-07-13,KR
2029-07-14,AW
2029-07-15,CL
2029-07-16,AZ
2029-07-17,HN
2029-07-18,TR
2029-07-19,LV
2029-07-20,NG
2029-07-21,FK
2029-07-22,GL
2029-07-23,BJ
2029-07-24,LC
2029-07-25,VU
2029-07-26,PE
2029-07-27,ME
2029-07-28,BA
2029-07-29,MK
2029-07-30,IT
2029-07-31,MA
2029-08-01,VA
2029-08-02,BS
2029-08-03,SB
2029-08-04,CY
2029-08-05,GN
2029-08-06,JM
2029-08-07,NP
2029-08-08,CG
2029-08-09,DE
2029-08-10,IM
2029-08-11,ZA
2029-08-12,VE
2029-08-13,SA
2029-08-14,AT
2029-08-15,AL
2029-08-16,CA
2029-08-17,GQ
2029-08-18,BL
2029-08-19,BD
2029-08-20,NZ
2029-08-21,CF
2029-08-22,UA
2029-08-23,ES
2029-08-24,RW
2029-08-25,TW
2029-08-26,HM
2029-08-27,BY
2029-08-28,NI
2029-08-29,DZ
2029-08-30,MM
2029-08-31,ET
2029-09-01,PG
2029-09-02,TM
2029-09-03,KI
2029-09-04,FJ
2029-09-05,KH
2029-09-06,MG
2029-09-07,BR
2029-09-08,NL
2029-09-09,ER
2029-09-10,NO
2029-09-11,ST
2029-09-12,CR
2029-09-13,JP
2029-09-14,GR
2029-09-15,TD
2029-09-16,PH
2029-09-17,CH
2029-09-18,UY
2029-09-19,BH
2029-09-20,EH
2029-09-21,BE
2029-09-22,RO
2029-09-23,VN
2029-09-24,BZ
2029-09-25,SZ
2029-09-26,KG
2029-09-27,TG
2029-09-28,AS
2029-09-29,AR
2029-09-30,SI
2029-10-01,ZW
2029-10-02,FR
2029-10-03,SK
2029-10-04,AE
2029-10-05,AO
2029-10-06,TJ
2029-10-07,SL
2029-10-08,BB
2029-10-09,RS
2029-10-10,PT
2029-10-11,SS
2029-10-12,DK
2029-10-13,TH
2029-10-14,RU
2029-10-15,MW
2029-10-16,FO
2029-10-17,CN
2029-10-18,FI
2029-10-19,UG
2029-10-20,GF
2029-10-21,LS
2029-10-22,GB
2029-10-23,PY
2029-10-24,TC
2029-10-25,CI
2029-10-26,PR
2029-10-27,IN
2029-10-28,ZM
2029-10-29,AZ
2029-10-30,EC
2029-10-31,NC
2029-11-01,TR
2029-11-02,RE
2029-11-03,KP
2029-11-04,SV
2029-11-05,AF
2029-11-06,TF
2029-11-07,LK
2029-11-08,FK
2029-11-09,HN
2029-11-10,WF
2029-11-11,EE
2029-11-12,AQ
2029-11-13,AM
2029-11-14,IS
2029-11-15,BF
2029-11-16,CY
2029-11-17,BJ
2029-11-18,KY
2029-11-19,GN
2029-11-20,US
2029-11-21,SA
2029-11-22,SN
2029-11-23,KW
2029-11-24,CG
2029-11-25,TL
2029-11-26,VI
2029-11-27,SB
2029-11-28,LV
2029-11-29,OM
2029-11-30,BG
2029-12-01,HR
2029-12-02,GA
2029-12-03,TW
2029-12-04,CW
2029-12-05,CD
2029-12-06,CU
2029-12-07,NI
2029-12-08,MK
2029-12-09,DJ
2029-12-10,BN
2029-12-11,IE
2029-12-12,LR
2029-12-13,TM
2029-12-14,VC
2029-12-15,SJ
2029-12-16,ID
2029-12-17,AU
2029-12-18,RW
2029-12-19,LA
2029-12-20,TT
2029-12-21,NZ
2029-12-22,BQ
2029-12-23,GM
2029-12-24,HT
2029-12-25,DE
2029-12-26,SO
2029-12-27,CO
2029-12-28,YE
2029-12-29,LY
2029-12-30,TK
2029-12-31,DO
2030-01-01,GQ
2030-01-02,PH
2030-01-03,GH
2030-01-04,KR
2030-01-05,CR
2030-01-06,UY
2030-01-07,TO
2030-01-08,JM
2030-01-09,JP
2030-01-10,AT
2030-01-11,MR
2030-01-12,GT
2030-01-13,QA
2030-01-14,BR
2030-01-15,ET
2030-01-16,MV
2030-01-17,FJ
2030-01-18,CZ
2030-01-19,SZ
2030-01-20,VN
2030-01-21,GR
2030-01-22,ZA
2030-01-23,BO
2030-01-24,NU
2030-01-25,NO
2030-01-26,ME
2030-01-27,NE
2030-01-28,KG
2030-01-29,BS
2030-01-30,MA
2030-01-31,DK
2030-02-01,CF
2030-02-02,UZ
2030-02-03,VA
2030-02-04,SD
2030-02-05,SK
2030-02-06,PK
2030-02-07,CM
2030-02-08,FI
2030-02-09,PY
2030-02-10,AR
2030-02-11,TG
2030-02-12,HM
2030-02-13,NG
2030-02-14,KH
2030-02-15,CH
2030-02-16,AL
2030-02-17,BD
2030-02-18,LT
2030-02-19,PA
2030-02-20,AZ
2030-02-21,GW
2030-02-22,SE
2030-02-23,VE
2030-02-24,GP
2030-02-25,AE
2030-02-26,BF
2030-02-27,AF
2030-02-28,FR
2030-03-01,GF
2030-03-02,EC
2030-03-03,MG
2030-03-04,IO
2030-03-05,BM
2030-03-06,BI
2030-03-07,BA
2030-03-08,IN
2030-03-09,MD
2030-03-10,LV
2030-03-11,GL
2030-03-12,AM
2030-03-13,BB
2030-03-14,KE
2030-03-15,KP
2030-03-16,TD
2030-03-17,TL
2030-03-18,TJ
2030-03-19,BY
2030-03-20,SR
2030-03-21,KM
2030-03-22,CU
2030-03-23,PR
2030-03-24,NI
2030-03-25,SV
2030-03-26,SS
2030-03-27,TW
2030-03-28,MW
2030-03-29,GI
2030-03-30,LA
2030-03-31,VU
2030-04-01,NL
2030-04-02,MX
2030-04-03,IQ
2030-04-04,BW
2030-04-05,SI
2030-04-06,CY
2030-04-07,KZ
2030-04-08,PF
2030-04-09,MY
2030-04-10,DE
2030-04-11,RO
2030-04-12,ML
2030-04-13,ES
2030-04-14,DJ
2030-04-15,OM
2030-04-16,DZ
2030-04-17,MO
2030-04-18,CR
2030-04-19,CL
2030-04-20,IS
2030-04-21,LK
2030-04-22,BG
2030-04-23,CN
2030-04-24,MZ
2030-04-25,MC
2030-04-26,MM
2030-04-27,EH
2030-04-28,GB
2030-04-29,GT
2030-04-30,BE
2030-05-01,CA
2030-05-02,GN
2030-05-03,NF
2030-05-04,AU
2030-05-05,AT
2030-05-06,UG
2030-05-07,MN
2030-05-08,CO
2030-05-09,JP
2030-05-10,BS
2030-05-11,SJ
2030-05-12,CV
2030-05-13,HR
2030-05-14,TZ
2030-05-15,HN
2030-05-16,UA
2030-05-17,MK
2030-05-18,PG
2030-05-19,ER
2030-05-20,CZ
2030-05-21,MT
2030-05-22,BZ
2030-05-23,TH
2030-05-24,CG
2030-05-25,BT
2030-05-26,ZW
2030-05-27,ME
2030-05-28,PL
2030-05-29,US
2030-05-30,GH
2030-05-31,VN
2030-06-01,VG
2030-06-02,PY
2030-06-03,CD
2030-06-04,JM
2030-06-05,GQ
2030-06-06,KH
2030-06-07,CI
2030-06-08,BO
2030-06-09,NE
2030-06-10,GU
2030-06-11,AE
2030-06-12,TG
2030-06-13,RU
2030-06-14,DK
2030-06-15,SD
2030-06-16,SE
2030-06-17,KW
2030-06-18,DM
2030-06-19,DO
2030-06-20,BR
2030-06-21,SZ
2030-06-22,CH
2030-06-23,MA
2030-06-24,TT
2030-06-25,EE
2030-06-26,NU
2030-06-27,IR
2030-06-28,HU
2030-06-29,IT
2030-06-30,ET
2030-07-01,EC
2030-07-02,TN
2030-07-03,SB
2030-07-04,SV
2030-07-05,GG
2030-07-06,BF
2030-07-07,PA
2030-07-08,NP
2030-07-09,SO
2030-07-10,CU
2030-07-11,ZA
2030-07-12,GL
2030-07-13,AZ
2030-07-14,LV
2030-07-15,FR
2030-07-16,CC
2030-07-17,FK
2030-07-18,MW
2030-07-19,NC
2030-07-20,AO
2030-07-21,TW
2030-07-22,SS
2030-07-23,TM
2030-07-24,BB
2030-07-25,VE
2030-07-26,KZ
2030-07-27,BI
2030-07-28,NO
2030-07-29,IQ
2030-07-30,PE
2030-07-31,BD
2030-08-01,RE
2030-08-02,OM
2030-08-03,CF
2030-08-04,BY
2030-08-05,NG
2030-08-06,CL
2030-08-07,GA
2030-08-08,GE
2030-08-09,FJ
2030-08-10,BA
2030-08-11,MM
2030-08-12,BQ
2030-08-13,MY
2030-08-14,GB
2030-08-15,DE
2030-08-16,SN
2030-08-17,FI
2030-08-18,BE
2030-08-19,TR
2030-08-20,FO
2030-08-21,AQ
2030-08-22,MZ
2030-08-23,PH
2030-08-24,GF
2030-08-25,GM
2030-08-26,YE
2030-08-27,HT
2030-08-28,ER
2030-08-29,LI
2030-08-30,LR
2030-08-31,BZ
2030-09-01,BW
2030-09-02,AT
2030-09-03,BS
2030-09-04,RW
2030-09-05,IE
2030-09-06,CA
2030-09-07,NA
2030-09-08,PW
2030-09-09,KG
2030-09-10,GH
2030-09-11,SR
2030-09-12,MG
2030-09-13,UA
2030-09-14,AF
2030-09-15,UG
2030-09-16,GY
2030-09-17,DJ
2030-09-18,GI
2030-09-19,NL
2030-09-20,MK
2030-09-21,AM
2030-09-22,SK
2030-09-23,HN
2030-09-24,PK
2030-09-25,MX
2030-09-26,AE
2030-09-27,MR
2030-09-28,HK
2030-09-29,CD
2030-09-30,TF
2030-10-01,LA
2030-10-02,VU
2030-10-03,BJ
2030-10-04,TJ
2030-10-05,ES
2030-10-06,US
2030-10-07,GS
2030-10-08,QA
2030-10-09,PL
2030-10-10,TN
2030-10-11,CZ
2030-10-12,VN
2030-10-13,DO
2030-10-14,PT
2030-10-15,MQ
2030-10-16,KE
2030-10-17,GR
2030-10-18,SO
2030-10-19,HU
2030-10-20,SB
2030-10-21,DK
2030-10-22,EH
2030-10-23,NZ
2030-10-24,BG
2030-10-25,VG
2030-10-26,GT
2030-10-27,NC
2030-10-28,KW
2030-10-29,PA
2030-10-30,PR
2030-10-31,BT
2030-11-01,FR
2030-11-02,RO
2030-11-03,CN
2030-11-04,LY
2030-11-05,WF
2030-11-06,AR
2030-11-07,RU
2030-11-08,JM
2030-11-09,MN
2030-11-10,EC
2030-11-11,IT
2030-11-12,IS
2030-11-13,AU
2030-11-14,NR
2030-11-15,SI
2030-11-16,TM
2030-11-17,BY
2030-11-18,UZ
2030-11-19,LT
2030-11-20,AZ
2030-11-21,CF
2030-11-22,IN
2030-11-23,PY
2030-11-24,SN
2030-11-25,PF
2030-11-26,GL
2030-11-27,MY
2030-11-28,CY
2030-11-29,ZM
2030-11-30,IO
2030-12-01,MW
2030-12-02,RS
2030-12-03,MO
2030-12-04,LV
2030-12-05,SA
2030-12-06,MZ
2030-12-07,SV
2030-12-08,SJ
2030-12-09,ME
2030-12-10,PG
2030-12-11,JP
2030-12-12,ZA
2030-12-13,AG
2030-12-14,CG
2030-12-15,CA
2030-12-16,VE
2030-12-17,NI
2030-12-18,BW
2030-12-19,AQ
2030-12-20,YE
2030-12-21,VI
2030-12-22,MA
2030-12-23,MD
2030-12-24,ER
2030-12-25,TH
2030-12-26,PE
2030-12-27,LS
2030-12-28,PH
2030-12-29,HT
2030-12-30,JE
2030-12-31,CO
2031-01-01,CL
2031-01-02,GW
2031-01-03,EE
2031-01-04,TW
2031-01-05,NA
2031-01-06,CR
2031-01-07,AD
2031-01-08,ET
2031-01-09,FK
2031-01-10,UA
2031-01-11,GM
2031-01-12,UY
2031-01-13,DJ
2031-01-14,SK
2031-01-15,ID
2031-01-16,ZW
2031-01-17,BO
2031-01-18,ES
2031-01-19,CX
2031-01-20,GQ
2031-01-21,KP
2031-01-22,TG
2031-01-23,MK
2031-01-24,PL
2031-01-25,BF
2031-01-26,BZ
2031-01-27,IR
2031-01-28,CV
2031-01-29,BE
2031-01-30,TR
2031-01-31,SD
2031-02-01,NO
2031-02-02,CH
2031-02-03,CI
2031-02-04,NL
2031-02-05,NE
2031-02-06,PT
2031-02-07,IQ
2031-02-08,AI
2031-02-09,TJ
2031-02-10,SR
2031-02-11,LA
2031-02-12,HR
2031-02-13,GB
2031-02-14,NZ
2031-02-15,AO
2031-02-16,PW
2031-02-17,IE
2031-02-18,OM
2031-02-19,MR
2031-02-20,VN
2031-02-21,SE
2031-02-22,NC
2031-02-23,DO
2031-02-24,HM
2031-02-25,DZ
2031-02-26,MX
2031-02-27,CD
2031-02-28,AR
2031-03-01,KE
2031-03-02,CN
2031-03-03,SZ
2031-03-04,VA
2031-03-05,RW
2031-03-06,IT
2031-03-07,BJ
2031-03-08,TF
2031-03-09,RO
2031-03-10,NG
2031-03-11,HN
2031-03-12,AM
2031-03-13,CU
2031-03-14,AW
2031-03-15,AU
2031-03-16,BY
2031-03-17,TN
2031-03-18,HU
2031-03-19,GN
2031-03-20,BS
2031-03-21,AT
2031-03-22,GT
2031-03-23,BG
2031-03-24,SG
2031-03-25,CY
2031-03-26,PK
2031-03-27,GR
2031-03-28,LK
2031-03-29,MW
2031-03-30,BT
2031-03-31,MZ
2031-04-01,CA
2031-04-02,PR
2031-04-03,MO
2031-04-04,SJ
2031-04-05,KH
2031-04-06,NI
2031-04-07,CF
2031-04-08,AE
2031-04-09,PA
2031-04-10,PG
2031-04-11,JE
2031-04-12,FR
2031-04-13,GW
2031-04-14,IN
2031-04-15,DK
2031-04-16,IS
2031-04-17,US
2031-04-18,SA
2031-04-19,KY
2031-04-20,UA
2031-04-21,SO
2031-04-22,PY
2031-04-23,MY
2031-04-24,GH
2031-04-25,TW
2031-04-26,ZA
2031-04-27,MT
2031-04-28,PE
2031-04-29,MM
2031-04-30,CG
2031-05-01,NP
2031-05-02,MD
2031-05-03,AZ
2031-05-04,TZ
2031-05-05,CZ
2031-05-06,ID
2031-05-07,KI
2031-05-08,DJ
2031-05-09,RU
2031-05-10,CM
2031-05-11,FI
2031-05-12,KW
2031-05-13,TD
2031-05-14,IR
2031-05-15,DM
2031-05-16,CH
2031-05-17,JM
2031-05-18,UG
2031-05-19,PH
2031-05-20,CL
2031-05-21,GY
2031-05-22,BE
2031-05-23,SK
2031-05-24,SS
2031-05-25,MN
2031-05-26,VE
2031-05-27,MA
2031-05-28,FM
2031-05-29,ZW
2031-05-30,GL
2031-05-31,IQ
2031-06-01,GM
2031-06-02,AL
2031-06-03,BF
2031-06-04,QA
2031-06-05,ES
2031-06-06,NL
2031-06-07,MC
2031-06-08,SI
2031-06-09,LA
2031-06-10,FJ
2031-06-11,CD
2031-06-12,PT
2031-06-13,GB
2031-06-14,CN
2031-06-15,BL
2031-06-16,SE
2031-06-17,JP
2031-06-18,PL
2031-06-19,VU
2031-06-20,KZ
2031-06-21,HT
2031-06-22,ML
2031-06-23,KR
2031-06-24,CO
2031-06-25,KN
2031-06-26,RW
2031-06-27,KG
2031-06-28,BJ
2031-06-29,AR
2031-06-30,NA
2031-07-01,LV
2031-07-02,NO
2031-07-03,GE
2031-07-04,KE
2031-07-05,DO
2031-07-06,LS
2031-07-07,TO
2031-07-08,UY
2031-07-09,EC
2031-07-10,IT
2031-07-11,DE
2031-07-12,PR
2031-07-13,AM
2031-07-14,SD
2031-07-15,LK
2031-07-16,GU
2031-07-17,LR
2031-07-18,TR
2031-07-19,BZ
2031-07-20,SR
2031-07-21,BS
2031-07-22,HR
2031-07-23,RO
2031-07-24,BH
2031-07-25,SV
2031-07-26,TJ
2031-07-27,BO
2031-07-28,SA
2031-07-29,TT
2031-07-30,GQ
2031-07-31,BT
2031-08-01,SJ
2031-08-02,AG
2031-08-03,SL
2031-08-04,NC
2031-08-05,DZ
2031-08-06,PE
2031-08-07,SN
2031-08-08,RS
2031-08-09,HN
2031-08-10,PM
2031-08-11,GH
2031-08-12,TW
2031-08-13,HU
2031-08-14,NG
2031-08-15,LT
2031-08-16,LY
2031-08-17,NZ
2031-08-18,TZ
2031-08-19,CX
2031-08-20,RU
2031-08-21,SB
2031-08-22,BA
2031-08-23,EH
2031-08-24,AU
2031-08-25,ER
2031-08-26,CH
2031-08-27,CK
2031-08-28,SO
2031-08-29,DK
2031-08-30,TH
2031-08-31,IS
2031-09-01,VN
2031-09-02,NI
2031-09-03,MZ
2031-09-04,LC
2031-09-05,MA
2031-09-06,KP
2031-09-07,SK
2031-09-08,CG
2031-09-09,OM
2031-09-10,MX
2031-09-11,TG
2031-09-12,TM
2031-09-13,VA
2031-09-14,MN
2031-09-15,NL
2031-09-16,CU
2031-09-17,EE
2031-09-18,FK
2031-09-19,UG
2031-09-20,ME
2031-09-21,SZ
2031-09-22,SX
2031-09-23,ZA
2031-09-24,BY
2031-09-25,UA
2031-09-26,TL
2031-09-27,FI
2031-09-28,JM
2031-09-29,QA
2031-09-30,SH
2031-10-01,AE
2031-10-02,SI
2031-10-03,FR
2031-10-04,HT
2031-10-05,TN
2031-10-06,PY
2031-10-07,MG
2031-10-08,US
2031-10-09,JP
2031-10-10,ET
2031-10-11,AR
2031-10-12,AW
2031-10-13,FJ
2031-10-14,AT
2031-10-15,GB
2031-10-16,UY
2031-10-17,IN
2031-10-18,SS
2031-10-19,CR
2031-10-20,CC
2031-10-21,BJ
2031-10-22,KR
2031-10-23,BW
2031-10-24,PT
2031-10-25,NE
2031-10-26,LA
2031-10-27,ZW
2031-10-28,AZ
2031-10-29,BV
2031-10-30,KH
2031-10-31,GF
2031-11-01,UZ
2031-11-02,BS
2031-11-03,BR
2031-11-04,ID
2031-11-05,SE
2031-11-06,IR
2031-11-07,VG
2031-11-08,GM
2031-11-09,AM
2031-11-10,BG
2031-11-11,BZ
2031-11-12,PA
2031-11-13,CM
2031-11-14,MD
2031-11-15,IT
2031-11-16,LK
2031-11-17,PF
2031-11-18,BD
2031-11-19,GW
2031-11-20,TW
2031-11-21,BE
2031-11-22,TT
2031-11-23,SD
2031-11-24,TR
2031-11-25,TC
2031-11-26,BF
2031-11-27,VU
2031-11-28,CY
2031-11-29,SR
2031-11-30,CO
2031-12-01,NG
2031-12-02,PE
2031-12-03,WS
2031-12-04,ES
2031-12-05,CI
2031-12-06,PH
2031-12-07,DO
2031-12-08,AL
2031-12-09,PL
2031-12-10,VE
2031-12-11,GY
2031-12-12,CZ
2031-12-13,CD
2031-12-14,MS
2031-12-15,SB
2031-12-16,AQ
2031-12-17,VN
2031-12-18,CG
2031-12-19,HR
2031-12-20,HN
2031-12-21,EH
2031-12-22,BM
2031-12-23,AO
2031-12-24,SJ
2031-12-25,SN
2031-12-26,LV
2031-12-27,YE
2031-12-28,CU
2031-12-29,ER
2031-12-30,JE
2031-12-31,IS
2032-01-01,GR
2032-01-02,CA
2032-01-03,LS
2032-01-04,CH
2032-01-05,TJ
2032-01-06,GL
2032-01-07,GE
2032-01-08,PN
2032-01-09,MM
2032-01-10,HU
2032-01-11,NI
2032-01-12,PR
2032-01-13,CF
2032-01-14,DK
2032-01-15,IQ
2032-01-16,TD
2032-01-17,FI
2032-01-18,GQ
2032-01-19,AE
2032-01-20,BO
2032-01-21,VA
2032-01-22,TL
2032-01-23,TZ
2032-01-24,MN
2032-01-25,CL
2032-01-26,KE
2032-01-27,TH
2032-01-28,GN
2032-01-29,BT
2032-01-30,EC
2032-01-31,SM
2032-02-01,TM
2032-02-02,SS
2032-02-03,CN
2032-02-04,MR
2032-02-05,SV
2032-02-06,PT
2032-02-07,MY
2032-02-08,ST
2032-02-09,QA
2032-02-10,SO
2032-02-11,RO
2032-02-12,PY
2032-02-13,RU
2032-02-14,RW
2032-02-15,CR
2032-02-16,KY
2032-02-17,JM
2032-02-18,BI
2032-02-19,KP
2032-02-20,DJ
2032-02-21,NL
2032-02-22,BY
2032-02-23,SL
2032-02-24,CX
2032-02-25,EE
2032-02-26,SE
2032-02-27,ZA
2032-02-28,IN
2032-02-29,RS
2032-03-01,NC
2032-03-02,AR
2032-03-03,IT
2032-03-04,MW
2032-03-05,GD
2032-03-06,ET
2032-03-07,BE
2032-03-08,BJ
2032-03-09,AT
2032-03-10,TT
2032-03-11,KR
2032-03-12,BA
2032-03-13,IR
2032-03-14,GA
2032-03-15,CO
2032-03-16,YT
2032-03-17,ES
2032-03-18,BZ
2032-03-19,AZ
2032-03-20,VU
2032-03-21,GB
2032-03-22,PE
2032-03-23,UZ
2032-03-24,CV
2032-03-25,BN
2032-03-26,DZ
2032-03-27,BR
2032-03-28,SA
2032-03-29,AQ
2032-03-30,SZ
2032-03-31,VN
2032-04-01,CZ
2032-04-02,IE
2032-04-03,LI
2032-04-04,AM
2032-04-05,FK
2032-04-06,KZ
2032-04-07,AU
2032-04-08,BW
2032-04-09,LK
2032-04-10,FJ
2032-04-11,DE
2032-04-12,NZ
2032-04-13,JP
2032-04-14,ER
2032-04-15,WF
2032-04-16,SD
2032-04-17,MD
2032-04-18,IO
2032-04-19,CG
2032-04-20,YE
2032-04-21,VE
2032-04-22,CI
2032-04-23,FR
2032-04-24,SH
2032-04-25,CA
2032-04-26,KG
2032-04-27,CM
2032-04-28,SJ
2032-04-29,SR
2032-04-30,TG
2032-05-01,FI
2032-05-02,LT
2032-05-03,EH
2032-05-04,PF
2032-05-05,CD
2032-05-06,MN
2032-05-07,BO
2032-05-08,US
2032-05-09,BG
2032-05-10,HR
2032-05-11,DK
2032-05-12,CK
2032-05-13,SB
2032-05-14,GF
2032-05-15,CN
2032-05-16,ZM
2032-05-17,ME
2032-05-18,BF
2032-05-19,SK
2032-05-20,NI
2032-05-21,AE
2032-05-22,FO
2032-05-23,BT
2032-05-24,UY
2032-05-25,MR
2032-05-26,PK
2032-05-27,SI
2032-05-28,ML
2032-05-29,KH
2032-05-30,MU
2032-05-31,CH
2032-06-01,OM
2032-06-02,MZ
2032-06-03,CL
2032-06-04,TF
2032-06-05,CF
2032-06-06,AF
2032-06-07,LR
2032-06-08,NO
2032-06-09,BV
2032-06-10,CU
2032-06-11,GL
2032-06-12,CY
2032-06-13,AL
2032-06-14,ZW
2032-06-15,KW
2032-06-16,AO
2032-06-17,GY
2032-06-18,MX
2032-06-19,TH
2032-06-20,GS
2032-06-21,NE
2032-06-22,CR
2032-06-23,BI
2032-06-24,MY
2032-06-25,MA
2032-06-26,NC
2032-06-27,DJ
2032-06-28,TM
2032-06-29,NG
2032-06-30,CX
2032-07-01,SS
2032-07-02,LA
2032-07-03,SE
2032-07-04,AZ
2032-07-05,GH
2032-07-06,IQ
2032-07-07,BE
2032-07-08,GA
2032-07-09,GB
2032-07-10,UZ
2032-07-11,TD
2032-07-12,KN
2032-07-13,IT
2032-07-14,AQ
2032-07-15,LV
2032-07-16,JM
2032-07-17,ES
2032-07-18,CZ
2032-07-19,KP
2032-07-20,SO
2032-07-21,LI
2032-07-22,DZ
2032-07-23,TW
2032-07-24,AR
2032-07-25,MM
2032-07-26,ET
2032-07-27,TJ
2032-07-28,ER
2032-07-29,LU
2032-07-30,IE
2032-07-31,PH
2032-08-01,CG
2032-08-02,PL
2032-08-03,FK
2032-08-04,BZ
2032-08-05,UG
2032-08-06,CC
2032-08-07,PT
2032-08-08,BS
2032-08-09,PA
2032-08-10,BD
2032-08-11,SZ
2032-08-12,NP
2032-08-13,MD
2032-08-14,AT
2032-08-15,MQ
2032-08-16,LS
2032-08-17,PR
2032-08-18,NA
2032-08-19,AM
2032-08-20,LY
2032-08-21,QA
2032-08-22,FJ
2032-08-23,BH
2032-08-24,SV
2032-08-25,FI
2032-08-26,BW
2032-08-27,UA
2032-08-28,EH
2032-08-29,ID
2032-08-30,TL
2032-08-31,BB
2032-09-01,FR
2032-09-02,BY
2032-09-03,BG
2032-09-04,BA
2032-09-05,MK
2032-09-06,KZ
2032-09-07,SK
2032-09-08,GG
2032-09-09,CM
2032-09-10,SB
2032-09-11,AU
2032-09-12,VN
2032-09-13,BJ
2032-09-14,GT
2032-09-15,GE
2032-09-16,GR
2032-09-17,YE
2032-09-18,AS
2032-09-19,GF
2032-09-20,PY
2032-09-21,SL
2032-09-22,HT
2032-09-23,LT
2032-09-24,LR
2032-09-25,NI
2032-09-26,FO
2032-09-27,TZ
2032-09-28,TT
2032-09-29,HN
2032-09-30,ZM
2032-10-01,BN
2032-10-02,SI
2032-10-03,MR
2032-10-04,KH
2032-10-05,ML
2032-10-06,HK
2032-10-07,MG
2032-10-08,RO
2032-10-09,TF
2032-10-10,CL
2032-10-11,RU
2032-10-12,CN
2032-10-13,PG
2032-10-14,HM
2032-10-15,IR
2032-10-16,RS
2032-10-17,BE
2032-10-18,GL
2032-10-19,BF
2032-10-20,AE
2032-10-21,PE
2032-10-22,NC
2032-10-23,ZW
2032-10-24,PN
2032-10-25,GA
2032-10-26,IO
2032-10-27,MX
2032-10-28,AL
2032-10-29,GQ
2032-10-30,GB
2032-10-31,AF
2032-11-01,HU
2032-11-02,CZ
2032-11-03,IS
2032-11-04,CH
2032-11-05,MH
2032-11-06,LK
2032-11-07,BO
2032-11-08,CA
2032-11-09,KP
2032-11-10,CF
2032-11-11,AQ
2032-11-12,SO
2032-11-13,KR
2032-11-14,GU
2032-11-15,PH
2032-11-16,BI
2032-11-17,TR
2032-11-18,BR
2032-11-19,AR
2032-11-20,CO
2032-11-21,ME
2032-11-22,TG
2032-11-23,BL
2032-11-24,NZ
2032-11-25,RW
2032-11-26,MY
2032-11-27,SE
2032-11-28,TH
2032-11-29,AO
2032-11-30,GY
2032-12-01,MN
2032-12-02,MF
2032-12-03,TM
2032-12-04,ZA
2032-12-05,LV
2032-12-06,IN
2032-12-07,GN
2032-12-08,AM
2032-12-09,PL
2032-12-10,BZ
2032-12-11,IQ
2032-12-12,DE
2032-12-13,BV
2032-12-14,FR
2032-12-15,SS
2032-12-16,KW
2032-12-17,SV
2032-12-18,MD
2032-12-19,AT
2032-12-20,MA
2032-12-21,ES
2032-12-22,JM
2032-12-23,VA
2032-12-24,GW
2032-12-25,MK
2032-12-26,ID
2032-12-27,KE
2032-12-28,BS
2032-12-29,KG
2032-12-30,TN
2032-12-31,AW
2033-01-01,CM
2033-01-02,LT
2033-01-03,MZ
2033-01-04,IT
2033-01-05,TD
2033-01-06,FK
2033-01-07,BJ
2033-01-08,WF
2033-01-09,NI
2033-01-10,CD
2033-01-11,PT
2033-01-12,LR
2033-01-13,CY
2033-01-14,ET
2033-01-15,EC
2033-01-16,US
2033-01-17,LU
2033-01-18,BN
2033-01-19,LY
2033-01-20,BT
2033-01-21,SL
2033-01-22,CN
2033-01-23,PR
2033-01-24,UG
2033-01-25,TT
2033-01-26,BW
2033-01-27,UZ
2033-01-28,NF
2033-01-29,CG
2033-01-30,BD
2033-01-31,MG
2033-02-01,NO
2033-02-02,SN
2033-02-03,JP
2033-02-04,HT
2033-02-05,FO
2033-02-06,GR
2033-02-07,SB
2033-02-08,MM
2033-02-09,SJ
2033-02-10,CL
2033-02-11,GQ
2033-02-12,FJ
2033-02-13,IE
2033-02-14,TC
2033-02-15,HN
2033-02-16,MW
2033-02-17,RU
2033-02-18,SZ
2033-02-19,BE
2033-02-20,NA
2033-02-21,VU
2033-02-22,SX
2033-02-23,DJ
2033-02-24,RS
2033-02-25,PE
2033-02-26,TR
2033-02-27,VE
2033-02-28,ER
2033-03-01,BY
2033-03-02,CK
2033-03-03,UY
2033-03-04,LA
2033-03-05,PA
2033-03-06,IR
2033-03-07,EE
2033-03-08,UA
2033-03-09,KZ
2033-03-10,AQ
2033-03-11,GB
2033-03-12,LK
2033-03-13,PG
2033-03-14,AZ
2033-03-15,PW
2033-03-16,BO
2033-03-17,LV
2033-03-18,ZM
2033-03-19,GE
2033-03-20,FI
2033-03-21,RW
2033-03-22,TF
2033-03-23,BA
2033-03-24,FR
2033-03-25,JE
2033-03-26,MN
2033-03-27,TG
2033-03-28,VN
2033-03-29,SE
2033-03-30,AL
2033-03-31,PL
2033-04-01,GH
2033-04-02,BH
2033-04-03,EH
2033-04-04,BZ
2033-04-05,TM
2033-04-06,LS
2033-04-07,JM
2033-04-08,YE
2033-04-09,SO
2033-04-10,MK
2033-04-11,MA
2033-04-12,TJ
2033-04-13,FM
2033-04-14,IN
2033-04-15,SI
2033-04-16,MX
2033-04-17,GA
2033-04-18,LT
2033-04-19,GF
2033-04-20,GM
2033-04-21,PY
2033-04-22,DZ
2033-04-23,VA
2033-04-24,SV
2033-04-25,ZW
2033-04-26,HU
2033-04-27,IS
2033-04-28,IT
2033-04-29,CO
2033-04-30,CF
2033-05-01,IO
2033-05-02,TN
2033-05-03,GS
2033-05-04,MY
2033-05-05,ET
2033-05-06,ME
2033-05-07,BI
2033-05-08,HR
2033-05-09,NP
2033-05-10,LR
2033-05-11,TL
2033-05-12,KG
2033-05-13,AT
2033-05-14,SC
2033-05-15,BT
2033-05-16,AO
2033-05-17,NO
2033-05-18,BF
2033-05-19,DO
2033-05-20,TH
2033-05-21,SS
2033-05-22,EC
2033-05-23,SL
2033-05-24,BD
2033-05-25,KN
2033-05-26,DE
2033-05-27,ML
2033-05-28,SR
2033-05-29,IQ
2033-05-30,AR
2033-05-31,RU
2033-06-01,QA
2033-06-02,BR
2033-06-03,ID
2033-06-04,CU
2033-06-05,PE
2033-06-06,GY
2033-06-07,RS
2033-06-08,GI
2033-06-09,PH
2033-06-10,SN
2033-06-11,CL
2033-06-12,GR
2033-06-13,GL
2033-06-14,GQ
2033-06-15,CH
2033-06-16,LA
2033-06-17,CW
2033-06-18,PK
2033-06-19,BG
2033-06-20,KZ
2033-06-21,HN
2033-06-22,LY
2033-06-23,SA
2033-06-24,AU
2033-06-25,KE
2033-06-26,SB
2033-06-27,HK
2033-06-28,BE
2033-06-29,KH
2033-06-30,BS
2033-07-01,TW
2033-07-02,PR
2033-07-03,NI
2033-07-04,NA
2033-07-05,BQ
2033-07-06,GT
2033-07-07,GE
2033-07-08,BW
2033-07-09,EE
2033-07-10,UG
2033-07-11,PT
2033-07-12,MR
2033-07-13,KR
2033-07-14,AG
2033-07-15,PA
2033-07-16,GW
2033-07-17,OM
2033-07-18,TT
2033-07-19,FR
2033-07-20,TD
2033-07-21,IR
2033-07-22,SK
2033-07-23,WF
2033-07-24,UZ
2033-07-25,LV
2033-07-26,MN
2033-07-27,ZA
2033-07-28,JP
2033-07-29,TF
2033-07-30,NC
2033-07-31,LS
2033-08-01,PW
2033-08-02,CR
2033-08-03,BZ
2033-08-04,SJ
2033-08-05,CY
2033-08-06,CZ
2033-08-07,HT
2033-08-08,MA
2033-08-09,SM
2033-08-10,TR
2033-08-11,LT
2033-08-12,AF
2033-08-13,CM
2033-08-14,CA
2033-08-15,HU
2033-08-16,IO
2033-08-17,MG
2033-08-18,TM
2033-08-19,HM
2033-08-20,CF
2033-08-21,AL
2033-08-22,SD
2033-08-23,DK
2033-08-24,MW
2033-08-25,AM
2033-08-26,GH
2033-08-27,BO
2033-08-28,MH
2033-08-29,CN
2033-08-30,BJ
2033-08-31,IE
2033-09-01,NP
2033-09-02,PG
2033-09-03,FI
2033-09-04,GN
2033-09-05,NZ
2033-09-06,SH
2033-09-07,BY
2033-09-08,NE
2033-09-09,CO
2033-09-10,BT
2033-09-11,GA
2033-09-12,BN
2033-09-13,NG
2033-09-14,RO
2033-09-15,SV
2033-09-16,CX
2033-09-17,ER
2033-09-18,UA
2033-09-19,GF
2033-09-20,AE
2033-09-21,IS
2033-09-22,NL
2033-09-23,KP
2033-09-24,MD
2033-09-25,QA
2033-09-26,MF
2033-09-27,SZ
2033-09-28,IT
2033-09-29,SR
2033-09-30,RU
2033-10-01,MK
2033-10-02,CL
2033-10-03,DE
2033-10-04,AR
2033-10-05,MP
2033-10-06,TN
2033-10-07,TJ
2033-10-08,AU
2033-10-09,LR
2033-10-10,LA
2033-10-11,AT
2033-10-12,GR
2033-10-13,AO
2033-10-14,HN
2033-10-15,BL
2033-10-16,CG
2033-10-17,KZ
2033-10-18,ET
2033-10-19,HR
2033-10-20,JM
2033-10-21,GL
2033-10-22,KE
2033-10-23,NI
2033-10-24,RW
2033-10-25,VU
2033-10-26,PE
2033-10-27,KM
2033-10-28,KW
2033-10-29,DO
2033-10-30,SE
2033-10-31,AZ
2033-11-01,GT
2033-11-02,PT
2033-11-03,CH
2033-11-04,IM
2033-11-05,TT
2033-11-06,BS
2033-11-07,BA
2033-11-08,SO
2033-11-09,KG
2033-11-10,EH
2033-11-11,CR
2033-11-12,TW
2033-11-13,SL
2033-11-14,TV
2033-11-15,SS
2033-11-16,BG
2033-11-17,CI
2033-11-18,CY
2033-11-19,BE
2033-11-20,BW
2033-11-21,GB
2033-11-22,MO
2033-11-23,BZ
2033-11-24,TZ
2033-11-25,PR
2033-11-26,GM
2033-11-27,BD
2033-11-28,SJ
2033-11-29,IR
2033-11-30,US
2033-12-01,MU
2033-12-02,BR
2033-12-03,GW
2033-12-04,FK
2033-12-05,LY
2033-12-06,TH
2033-12-07,GY
2033-12-08,UY
2033-12-09,LI
2033-12-10,SA
2033-12-11,VE
2033-12-12,HT
2033-12-13,NO
2033-12-14,YE
2033-12-15,SN
2033-12-16,FR
2033-12-17,LC
2033-12-18,BY
2033-12-19,TL
2033-12-20,GQ
2033-12-21,HU
2033-12-22,RS
2033-12-23,TG
2033-12-24,RO
2033-12-25,CZ
2033-12-26,CD
2033-12-27,KY
2033-12-28,CM
2033-12-29,GF
2033-12-30,UZ
2033-12-31,CU
2034-01-01,NC
2034-01-02,KH
2034-01-03,SK
2034-01-04,BI
2034-01-05,SX
2034-01-06,NA
2034-01-07,NZ
2034-01-08,IO
2034-01-09,ZA
2034-01-10,BT
2034-01-11,PG
2034-01-12,TR
2034-01-13,PN
2034-01-14,VN
2034-01-15,BF
2034-01-16,BO
2034-01-17,AM
2034-01-18,ES
2034-01-19,TN
2034-01-20,DK
2034-01-21,TO
2034-01-22,FJ
2034-01-23,MX
2034-01-24,BN
2034-01-25,LV
2034-01-26,AT
2034-01-27,OM
2034-01-28,AL
2034-01-29,LS
2034-01-30,VA
2034-01-31,LR
2034-02-01,MN
2034-02-02,JM
2034-02-03,FI
2034-02-04,LK
2034-02-05,BJ
2034-02-06,QA
2034-02-07,SC
2034-02-08,PK
2034-02-09,NL
2034-02-10,ZM
2034-02-11,EC
2034-02-12,CA
2034-02-13,GE
2034-02-14,SI
2034-02-15,WF
2034-02-16,PH
2034-02-17,TT
2034-02-18,DZ
2034-02-19,CR
2034-02-20,ZW
2034-02-21,RU
2034-02-22,ER
2034-02-23,EE
2034-02-24,BM
2034-02-25,SD
2034-02-26,CL
2034-02-27,BA
2034-02-28,AF
2034-03-01,SS
2034-03-02,MD
2034-03-03,LT
2034-03-04,KG
2034-03-05,DM
2034-03-06,LA
2034-03-07,MG
2034-03-08,SB
2034-03-09,SL
2034-03-10,AR
2034-03-11,CF
2034-03-12,KR
2034-03-13,HR
2034-03-14,EH
2034-03-15,KP
2034-03-16,VG
2034-03-17,BW
2034-03-18,JP
2034-03-19,CH
2034-03-20,AO
2034-03-21,TM
2034-03-22,MR
2034-03-23,NI
2034-03-24,BV
2034-03-25,MM
2034-03-26,CO
2034-03-27,PY
2034-03-28,CY
2034-03-29,BR
2034-03-30,LY
2034-03-31,HT
2034-04-01,BG
2034-04-02,VE
2034-04-03,BS
2034-04-04,PR
2034-04-05,AE
2034-04-06,FK
2034-04-07,BZ
2034-04-08,PE
2034-04-09,CM
2034-04-10,GR
2034-04-11,CV
2034-04-12,AU
2034-04-13,SZ
2034-04-14,MY
2034-04-15,GF
2034-04-16,MW
2034-04-17,AZ
2034-04-18,SN
2034-04-19,MV
2034-04-20,GL
2034-04-21,GN
2034-04-22,SV
2034-04-23,ME
2034-04-24,BD
2034-04-25,MA
2034-04-26,UY
2034-04-27,NA
2034-04-28,TR
2034-04-29,RW
2034-04-30,HM
2034-05-01,ML
2034-05-02,NZ
2034-05-03,BO
2034-05-04,NE
2034-05-05,PL
2034-05-06,LV
2034-05-07,TN
2034-05-08,IM
2034-05-09,GQ
2034-05-10,NP
2034-05-11,AT
2034-05-12,IE
2034-05-13,CZ
2034-05-14,MX
2034-05-15,BY
2034-05-16,BH
2034-05-17,MZ
2034-05-18,SE
2034-05-19,GA
2034-05-20,GT
2034-05-21,MN
2034-05-22,AQ
2034-05-23,TW
2034-05-24,NG
2034-05-25,ES
2034-05-26,BT
2034-05-27,BF
2034-05-28,CX
2034-05-29,BE
2034-05-30,BJ
2034-05-31,CA
2034-06-01,SA
2034-06-02,CI
2034-06-03,IO
2034-06-04,RO
2034-06-05,DJ
2034-06-06,NR
2034-06-07,ZW
2034-06-08,NC
2034-06-09,GY
2034-06-10,AM
2034-06-11,HU
2034-06-12,BN
2034-06-13,SR
2034-06-14,VC
2034-06-15,JM
2034-06-16,KG
2034-06-17,MD
2034-06-18,NL
2034-06-19,BI
2034-06-20,TF
2034-06-21,CD
2034-06-22,QA
2034-06-23,PG
2034-06-24,ID
2034-06-25,SC
2034-06-26,HN
2034-06-27,BA
2034-06-28,KE
2034-06-29,RU
2034-06-30,DO
2034-07-01,CG
2034-07-02,UA
2034-07-03,GD
2034-07-04,NI
2034-07-05,VN
2034-07-06,UG
2034-07-07,PT
2034-07-08,EH
2034-07-09,VU
2034-07-10,TJ
2034-07-11,IS
2034-07-12,LK
2034-07-13,LS
2034-07-14,FR
2034-07-15,DM
2034-07-16,PH
2034-07-17,SK
2034-07-18,LR
2034-07-19,BR
2034-07-20,KW
2034-07-21,VE
2034-07-22,CH
2034-07-23,SH
2034-07-24,IN
2034-07-25,BS
2034-07-26,BG
2034-07-27,ER
2034-07-28,SJ
2034-07-29,BW
2034-07-30,SI
2034-07-31,AE
2034-08-01,WS
2034-08-02,KP
2034-08-03,MK
2034-08-04,ZA
2034-08-05,PY
2034-08-06,MW
2034-08-07,IR
2034-08-08,TZ
2034-08-09,TH
2034-08-10,CR
2034-08-11,IT
2034-08-12,TT
2034-08-13,UZ
2034-08-14,GU
2034-08-15,NE
2034-08-16,YE
2034-08-17,HR
2034-08-18,PR
2034-08-19,IQ
2034-08-20,GF
2034-08-21,AU
2034-08-22,BM
2034-08-23,CU
2034-08-24,GM
2034-08-25,TL
2034-08-26,JP
2034-08-27,DE
2034-08-28,TG
2034-08-29,RS
2034-08-30,GB
2034-08-31,GG
2034-09-01,AO
2034-09-02,GL
2034-09-03,US
2034-09-04,CY
2034-09-05,NZ
2034-09-06,GA
2034-09-07,SE
2034-09-08,VI
2034-09-09,UY
2034-09-10,NP
2034-09-11,MX
2034-09-12,BF
2034-09-13,AF
2034-09-14,BO
2034-09-15,ZM
2034-09-16,WF
2034-09-17,LA
2034-09-18,LY
2034-09-19,KR
2034-09-20,NG
2034-09-21,AT
2034-09-22,NO
2034-09-23,MM
2034-09-24,LV
2034-09-25,TD
2034-09-26,GE
2034-09-27,NU
2034-09-28,MR
2034-09-29,SR
2034-09-30,CM
2034-10-01,QA
2034-10-02,MD
2034-10-03,CF
2034-10-04,ES
2034-10-05,MP
2034-10-06,SN
2034-10-07,KG
2034-10-08,NL
2034-10-09,ID
2034-10-10,GW
2034-10-11,KH
2034-10-12,ME
2034-10-13,SM
2034-10-14,MN
2034-10-15,TN
2034-10-16,OM
2034-10-17,FJ
2034-10-18,GH
2034-10-19,VU
2034-10-20,GQ
2034-10-21,CX
2034-10-22,MA
2034-10-23,NC
2034-10-24,TW
2034-10-25,CZ
2034-10-26,DJ
2034-10-27,PL
2034-10-28,ZW
2034-10-29,CC
2034-10-30,FI
2034-10-31,NI
2034-11-01,PA
2034-11-02,AL
2034-11-03,EH
2034-11-04,PE
2034-11-05,MZ
2034-11-06,KW
2034-11-07,KY
2034-11-08,AZ
2034-11-09,CD
2034-11-10,LT
2034-11-11,PH
2034-11-12,HT
2034-11-13,BZ
2034-11-14,BG
2034-11-15,IM
2034-11-16,PG
2034-11-17,KZ
2034-11-18,ER
2034-11-19,AM
2034-11-20,CI
2034-11-21,IN
2034-11-22,SB
2034-11-23,EE
2034-11-24,TK
2034-11-25,LR
2034-11-26,BN
2034-11-27,RO
2034-11-28,PY
2034-11-29,PT
2034-11-30,CA
2034-12-01,BY
2034-12-02,SS
2034-12-03,IT
2034-12-04,TJ
2034-12-05,CO
2034-12-06,GS
2034-12-07,TR
2034-12-08,UG
2034-12-09,IE
2034-12-10,RS
2034-12-11,AR
2034-12-12,HR
2034-12-13,BS
2034-12-14,SC
2034-12-15,TM
2034-12-16,HU
2034-12-17,VE
2034-12-18,LK
2034-12-19,BI
2034-12-20,IS
2034-12-21,GT
2034-12-22,GB
2034-12-23,SZ
2034-12-24,DK
2034-12-25,US
2034-12-26,SD
2034-12-27,VA
2034-12-28,SA
2034-12-29,BO
2034-12-30,NZ
2034-12-31,FK
