2024-01-01,LS
2024-01-02,AE
2024-01-03,UA
2024-01-04,GY
2024-01-05,ES
2024-01-06,SB
2024-01-07,PA
2024-01-08,MM
2024-01-09,AT
2024-01-10,PE
2024-01-11,IT
2024-01-12,CY
2024-01-13,VN
2024-01-14,BW
2024-01-15,TJ
2024-01-16,NI
2024-01-17,HN
2024-01-18,CD
2024-01-19,US
2024-01-20,HK
2024-01-21,PT
2024-01-22,BY
2024-01-23,MR
2024-01-24,SV
2024-01-25,GB
2024-01-26,SN
2024-01-27,DO
2024-01-28,LU
2024-01-29,ZW
2024-01-30,AF
2024-01-31,CI
2024-02-01,GR
2024-02-02,BE
2024-02-03,SO
2024-02-04,MD
2024-02-05,ET
2024-02-06,AG
2024-02-07,RO
2024-02-08,CO
2024-02-09,UG
2024-02-10,EC
2024-02-11,SD
2024-02-12,FR
2024-02-13,TM
2024-02-14,HR
2024-02-15,VE
2024-02-16,KH
2024-02-17,AU
2024-02-18,MV
2024-02-19,BZ
2024-02-20,BA
2024-02-21,GN
2024-02-22,NO
2024-02-23,UZ
2024-02-24,RS
2024-02-25,AL
2024-02-26,GE
2024-02-27,BI
2024-02-28,HT
2024-02-29,PK
2024-03-01,BB
2024-03-02,QA
2024-03-03,FI
2024-03-04,TH
2024-03-05,KE
2024-03-06,BT
2024-03-07,RW
2024-03-08,HU
2024-03-09,CF
2024-03-10,GP
2024-03-11,CG
2024-03-12,AM
2024-03-13,TD
2024-03-14,SA
2024-03-15,MA
2024-03-16,LT
2024-03-17,ID
2024-03-18,DK
2024-03-19,BH
2024-03-20,GW
2024-03-21,KP
2024-03-22,ME
2024-03-23,CH
2024-03-24,DE
2024-03-25,GA
2024-03-26,IE
2024-03-27,IR
2024-03-28,LC
2024-03-29,ML
2024-03-30,MY
2024-03-31,BR
2024-04-01,IN
2024-04-02,AO
2024-04-03,CU
2024-04-04,IQ
2024-04-05,BF
2024-04-06,EE
2024-04-07,KG
2024-04-08,BG
2024-04-09,PH
2024-04-10,GH
2024-04-11,GT
2024-04-12,GQ
2024-04-13,DM
2024-04-14,DJ
2024-04-15,CN
2024-04-16,CL
2024-04-17,AQ
2024-04-18,PL
2024-04-19,NZ
2024-04-20,LR
2024-04-21,TW
2024-04-22,ES
2024-04-23,OM
2024-04-24,GU
2024-04-25,SB
2024-04-26,CA
2024-04-27,SR
2024-04-28,CY
2024-04-29,MW
2024-04-30,SK
2024-05-01,SZ
2024-05-02,MS
2024-05-03,TH
2024-05-04,CI
2024-05-05,LA
2024-05-06,SB
2024-05-07,BW
2024-05-08,IQ
2024-05-09,UA
2024-05-10,BJ
2024-05-11,QA
2024-05-12,TD
2024-05-13,GS
2024-05-14,GN
2024-05-15,TR
2024-05-16,IE
2024-05-17,UZ
2024-05-18,MR
2024-05-19,AU
2024-05-20,RU
2024-05-21,NI
2024-05-22,PF
2024-05-23,CL
2024-05-24,TL
2024-05-25,RW
2024-05-26,KP
2024-05-27,ET
2024-05-28,CN
2024-05-29,TZ
2024-05-30,TC
2024-05-31,ME
2024-06-01,TG
2024-06-02,GY
2024-06-03,CU
2024-06-04,PT
2024-06-05,CO
2024-06-06,AM
2024-06-07,IS
2024-06-08,AL
2024-06-09,LV
2024-06-10,CF
2024-06-11,IN
2024-06-12,NE
2024-06-13,PA
2024-06-14,BF
2024-06-15,HK
2024-06-16,MZ
2024-06-17,AE
2024-06-18,BG
2024-06-19,GL
2024-06-20,MM
2024-06-21,ZW
2024-06-22,BQ
2024-06-23,ST
2024-06-24,NZ
2024-06-25,IM
2024-06-26,SD
2024-06-27,DO
2024-06-28,NG
2024-06-29,YE
2024-06-30,TN
2024-07-01,FK
2024-07-02,UG
2024-07-03,MV
2024-07-04,GB
2024-07-05,MY
2024-07-06,CD
2024-07-07,LK
2024-07-08,HT
2024-07-09,ZM
2024-07-10,GT
2024-07-11,TF
2024-07-12,CR
2024-07-13,CX
2024-07-14,BE
2024-07-15,VN
2024-07-16,US
2024-07-17,SR
2024-07-18,SI
2024-07-19,PG
2024-07-20,KH
2024-07-21,SO
2024-07-22,IT
2024-07-23,BZ
2024-07-24,SH
2024-07-25,HN
2024-07-26,KE
2024-07-27,BA
2024-07-28,SL
2024-07-29,FM
2024-07-30,MX
2024-07-31,NA
2024-08-01,BB
2024-08-02,GA
2024-08-03,PE
2024-08-04,UY
2024-08-05,FJ
2024-08-06,MK
2024-08-07,TM
2024-08-08,DJ
2024-08-09,MQ
2024-08-10,FR
2024-08-11,GW
2024-08-12,JM
2024-08-13,JP
2024-08-14,LR
2024-08-15,NL
2024-08-16,NO
2024-08-17,PY
2024-08-18,VC
2024-08-19,ZA
2024-08-20,OM
2024-08-21,CY
2024-08-22,GH
2024-08-23,VU
2024-08-24,LT
2024-08-25,BW
2024-08-26,PR
2024-08-27,SZ
2024-08-28,TO
2024-08-29,AF
2024-08-30,HU
2024-08-31,SA
2024-09-01,BJ
2024-09-02,SB
2024-09-03,TH
2024-09-04,MD
2024-09-05,GF
2024-09-06,AO
2024-09-07,BM
2024-09-08,SJ
2024-09-09,MG
2024-09-10,ID
2024-09-11,LS
2024-09-12,NP
2024-09-13,PA
2024-09-14,MW
2024-09-15,MP
2024-09-16,PT
2024-09-17,SS
2024-09-18,TR
2024-09-19,AL
2024-09-20,CG
2024-09-21,AU
2024-09-22,TL
2024-09-23,KN
2024-09-24,MN
2024-09-25,GR
2024-09-26,DK
2024-09-27,BT
2024-09-28,UA
2024-09-29,SK
2024-09-30,ML
2024-10-01,MC
2024-10-02,KW
2024-10-03,BO
2024-10-04,PK
2024-10-05,DO
2024-10-06,SE
2024-10-07,IE
2024-10-08,AM
2024-10-09,NG
2024-10-10,KZ
2024-10-11,VA
2024-10-12,TG
2024-10-13,CH
2024-10-14,KR
2024-10-15,RW
2024-10-16,QA
2024-10-17,PL
2024-10-18,BF
2024-10-19,BV
2024-10-20,TF
2024-10-21,BR
2024-10-22,GM
2024-10-23,ME
2024-10-24,VE
2024-10-25,CL
2024-10-26,MA
2024-10-27,SR
2024-10-28,CR
2024-10-29,JE
2024-10-30,PH
2024-10-31,TT
2024-11-01,GE
2024-11-02,MR
2024-11-03,RS
2024-11-04,NI
2024-11-05,TW
2024-11-06,BY
2024-11-07,FO
2024-11-08,LA
2024-11-09,RO
2024-11-10,SI
2024-11-11,SO
2024-11-12,ES
2024-11-13,SL
2024-11-14,IS
2024-11-15,IN
2024-11-16,GN
2024-11-17,HK
2024-11-18,DE
2024-11-19,GL
2024-11-20,ET
2024-11-21,NC
2024-11-22,TN
2024-11-23,CN
2024-11-24,IT
2024-11-25,GS
2024-11-26,BZ
2024-11-27,GT
2024-11-28,PG
2024-11-29,YE
2024-11-30,EH
2024-12-01,KG
2024-12-02,RU
2024-12-03,TM
2024-12-04,CM
2024-12-05,FK
2024-12-06,MT
2024-12-07,MK
2024-12-08,ZA
2024-12-09,AT
2024-12-10,LV
2024-12-11,DJ
2024-12-12,GY
2024-12-13,LR
2024-12-14,NO
2024-12-15,HT
2024-12-16,MO
2024-12-17,NL
2024-12-18,SN
2024-12-19,LT
2024-12-20,CI
2024-12-21,BE
2024-12-22,VN
2024-12-23,SJ
2024-12-24,PM
2024-12-25,MZ
2024-12-26,JM
2024-12-27,GH
2024-12-28,CZ
2024-12-29,IO
2024-12-30,BG
2024-12-31,KE
2025-01-01,PY
2025-01-02,UY
2025-01-03,CX
2025-01-04,GW
2025-01-05,PE
2025-01-06,AE
2025-01-07,HU
2025-01-08,PR
2025-01-09,ZM
2025-01-10,HR
2025-01-11,ZW
2025-01-12,CW
2025-01-13,AU
2025-01-14,SB
2025-01-15,MY
2025-01-16,ER
2025-01-17,AZ
2025-01-18,SS
2025-01-19,SA
2025-01-20,CU
2025-01-21,KI
2025-01-22,EE
2025-01-23,MW
2025-01-24,KR
2025-01-25,BS
2025-01-26,TG
2025-01-27,BN
2025-01-28,GR
2025-01-29,CD
2025-01-30,MH
2025-01-31,UZ
2025-02-01,CO
2025-02-02,CG
2025-02-03,CY
2025-02-04,DK
2025-02-05,DO
2025-02-06,MN
2025-02-07,NA
2025-02-08,NU
2025-02-09,IQ
2025-02-10,CA
2025-02-11,HN
2025-02-12,NG
2025-02-13,SV
2025-02-14,LY
2025-02-15,RS
2025-02-16,AO
2025-02-17,FO
2025-02-18,MG
2025-02-19,SK
2025-02-20,ID
2025-02-21,PL
2025-02-22,FR
2025-02-23,MM
2025-02-24,CH
2025-02-25,LU
2025-02-26,SI
2025-02-27,BD
2025-02-28,ET
2025-03-01,KH
2025-03-02,IS
2025-03-03,GF
2025-03-04,FJ
2025-03-05,TD
2025-03-06,KY
2025-03-07,BF
2025-03-08,AF
2025-03-09,AL
2025-03-10,BY
2025-03-11,NI
2025-03-12,OM
2025-03-13,EC
2025-03-14,ES
2025-03-15,GN
2025-03-16,IR
2025-03-17,BL
2025-03-18,ML
2025-03-19,NP
2025-03-20,BI
2025-03-21,CN
2025-03-22,DJ
2025-03-23,TF
2025-03-24,GT
2025-03-25,KZ
2025-03-26,MT
2025-03-27,GL
2025-03-28,IE
2025-03-29,GQ
2025-03-30,NC
2025-03-31,VE
2025-04-01,CI
2025-04-02,VN
2025-04-03,JE
2025-04-04,SZ
2025-04-05,YE
2025-04-06,IT
2025-04-07,FK
2025-04-08,PT
2025-04-09,KW
2025-04-10,AT
2025-04-11,HT
2025-04-12,RW
2025-04-13,BH
2025-04-14,GM
2025-04-15,QA
2025-04-16,BE
2025-04-17,GW
2025-04-18,AM
2025-04-19,PR
2025-04-20,KE
2025-04-21,AI
2025-04-22,MX
2025-04-23,BA
2025-04-24,KP
2025-04-25,CR
2025-04-26,RU
2025-04-27,ER
2025-04-28,SB
2025-04-29,GE
2025-04-30,MU
2025-05-01,SJ
2025-05-02,SA
2025-05-03,NZ
2025-05-04,MR
2025-05-05,JM
2025-05-06,DE
2025-05-07,EE
2025-05-08,GA
2025-05-09,HR
2025-05-10,MK
2025-05-11,LT
2025-05-12,GU
2025-05-13,MW
2025-05-14,HU
2025-05-15,FI
2025-05-16,BR
2025-05-17,ZM
2025-05-18,SE
2025-05-19,PH
2025-05-20,CM
2025-05-21,CL
2025-05-22,SO
2025-05-23,TJ
2025-05-24,KI
2025-05-25,KG
2025-05-26,BW
2025-05-27,BN
2025-05-28,CU
2025-05-29,SS
2025-05-30,ME
2025-05-31,TL
2025-06-01,MA
2025-06-02,AQ
2025-06-03,PN
2025-06-04,GH
2025-06-05,AR
2025-06-06,NO
2025-06-07,FR
2025-06-08,ZW
2025-06-09,IN
2025-06-10,DZ
2025-06-11,ID
2025-06-12,BB
2025-06-13,LA
2025-06-14,CA
2025-06-15,MD
2025-06-16,CY
2025-06-17,NE
2025-06-18,FJ
2025-06-19,PL
2025-06-20,AE
2025-06-21,GI
2025-06-22,SN
2025-06-23,OM
2025-06-24,BS
2025-06-25,JP
2025-06-26,CH
2025-06-27,ET
2025-06-28,RO
2025-06-29,BV
2025-06-30,CZ
2025-07-01,DO
2025-07-02,RS
2025-07-03,DJ
2025-07-04,SK
2025-07-05,IO
2025-07-06,MZ
2025-07-07,BZ
2025-07-08,NL
2025-07-09,BO
2025-07-10,TT
2025-07-11,NR
2025-07-12,IR
2025-07-13,CF
2025-07-14,VN
2025-07-15,PG
2025-07-16,MG
2025-07-17,EC
2025-07-18,BJ
2025-07-19,SR
2025-07-20,WF
2025-07-21,CD
2025-07-22,PK
2025-07-23,UA
2025-07-24,DK
2025-07-25,LR
2025-07-26,KR
2025-07-27,BG
2025-07-28,CW
2025-07-29,SV
2025-07-30,NG
2025-07-31,MM
2025-08-01,BF
2025-08-02,MN
2025-08-03,ZA
2025-08-04,FK
2025-08-05,LU
2025-08-06,GB
2025-08-07,CN
2025-08-08,GT
2025-08-09,TZ
2025-08-10,PY
2025-08-11,LY
2025-08-12,GF
2025-08-13,US
2025-08-14,NC
2025-08-15,PF
2025-08-16,AF
2025-08-17,PA
2025-08-18,GW
2025-08-19,BE
2025-08-20,KW
2025-08-21,BA
2025-08-22,BI
2025-08-23,CC
2025-08-24,GQ
2025-08-25,FI
2025-08-26,GA
2025-08-27,HT
2025-08-28,AL
2025-08-29,AZ
2025-08-30,AU
2025-08-31,CG
2025-09-01,GE
2025-09-02,ER
2025-09-03,CK
2025-09-04,KH
2025-09-05,BW
2025-09-06,AT
2025-09-07,AO
2025-09-08,UY
2025-09-09,TG
2025-09-10,ME
2025-09-11,RU
2025-09-12,TH
2025-09-13,TF
2025-09-14,KI
2025-09-15,NA
2025-09-16,QA
2025-09-17,TL
2025-09-18,AQ
2025-09-19,CM
2025-09-20,DE
2025-09-21,AR
2025-09-22,RW
2025-09-23,HU
2025-09-24,BY
2025-09-25,SC
2025-09-26,IS
2025-09-27,BT
2025-09-28,SL
2025-09-29,IE
2025-09-30,IN
2025-10-01,EE
2025-10-02,YE
2025-10-03,PL
2025-10-04,HN
2025-10-05,BM
2025-10-06,SJ
2025-10-07,MY
2025-10-08,SZ
2025-10-09,UZ
2025-10-10,GR
2025-10-11,CL
2025-10-12,GN
2025-10-13,CA
2025-10-14,VA
2025-10-15,PT
2025-10-16,KE
2025-10-17,DO
2025-10-18,AM
2025-10-19,CZ
2025-10-20,DZ
2025-10-21,MX
2025-10-22,BH
2025-10-23,GL
2025-10-24,VU
2025-10-25,KZ
2025-10-26,BS
2025-10-27,MG
2025-10-28,BD
2025-10-29,MD
2025-10-30,GM
2025-10-31,NZ
2025-11-01,LC
2025-11-02,LA
2025-11-03,BZ
2025-11-04,NI
2025-11-05,CR
2025-11-06,RS
2025-11-07,GH
2025-11-08,TT
2025-11-09,KG
2025-11-10,ET
2025-11-11,BB
2025-11-12,SR
2025-11-13,NP
2025-11-14,TN
2025-11-15,PK
2025-11-16,GY
2025-11-17,PR
2025-11-18,LV
2025-11-19,FK
2025-11-20,RE
2025-11-21,JP
2025-11-22,DK
2025-11-23,BJ
2025-11-24,ES
2025-11-25,MA
2025-11-26,BO
2025-11-27,CI
2025-11-28,SX
2025-11-29,SA
2025-11-30,EH
2025-12-01,BN
2025-12-02,SN
2025-12-03,ID
2025-12-04,GB
2025-12-05,MR
2025-12-06,MS
2025-12-07,CN
2025-12-08,SI
2025-12-09,IR
2025-12-10,ZA
2025-12-11,TR
2025-12-12,ZM
2025-12-13,AZ
2025-12-14,CV
2025-12-15,CU
2025-12-16,FJ
2025-12-17,GT
2025-12-18,CY
2025-12-19,FI
2025-12-20,TM
2025-12-21,PE
2025-12-22,AD
2025-12-23,SD
2025-12-24,NO
2025-12-25,IT
2025-12-26,SK
2025-12-27,MN
2025-12-28,GW
2025-12-29,PY
2025-12-30,HT
2025-12-31,NE
2026-01-01,VE
2026-01-02,KR
2026-01-03,PG
2026-01-04,FR
2026-01-05,KY
2026-01-06,AQ
2026-01-07,TG
2026-01-08,LT
2026-01-09,HU
2026-01-10,OM
2026-01-11,NC
2026-01-12,NA
2026-01-13,MM
2026-01-14,TF
2026-01-15,GF
2026-01-16,ER
2026-01-17,JM
2026-01-18,IQ
2026-01-19,GU
2026-01-20,PH
2026-01-21,HR
2026-01-22,VN
2026-01-23,TL
2026-01-24,SJ
2026-01-25,SL
2026-01-26,MY
2026-01-27,JE
2026-01-28,GN
2026-01-29,BR
2026-01-30,RO
2026-01-31,GA
2026-02-01,PL
2026-02-02,CH
2026-02-03,BF
2026-02-04,PF
2026-02-05,KZ
2026-02-06,RU
2026-02-07,UG
2026-02-08,BD
2026-02-09,CZ
2026-02-10,MZ
2026-02-11,KW
2026-02-12,NZ
2026-02-13,LY
2026-02-14,PW
2026-02-15,LS
2026-02-16,HN
2026-02-17,MG
2026-02-18,IS
2026-02-19,MX
2026-02-20,SS
2026-02-21,YE
2026-02-22,GS
2026-02-23,NG
2026-02-24,KG
2026-02-25,NI
2026-02-26,LA
2026-02-27,SZ
2026-02-28,BG
2026-03-01,GR
2026-03-02,GL
2026-03-03,QA
2026-03-04,PN
2026-03-05,AM
2026-03-06,DZ
2026-03-07,GY
2026-03-08,GM
2026-03-09,PT
2026-03-10,GE
2026-03-11,CR
2026-03-12,BB
2026-03-13,US
2026-03-14,TD
2026-03-15,AT
2026-03-16,UA
2026-03-17,KH
2026-03-18,AR
2026-03-19,TT
2026-03-20,LI
2026-03-21,MW
2026-03-22,IO
2026-03-23,DE
2026-03-24,IR
2026-03-25,PA
2026-03-26,SA
2026-03-27,AO
2026-03-28,AZ
2026-03-29,GH
2026-03-30,LV
2026-03-31,MS
2026-04-01,AE
2026-04-02,PR
2026-04-03,ML
2026-04-04,TW
2026-04-05,MK
2026-04-06,JP
2026-04-07,EC
2026-04-08,NR
2026-04-09,GW
2026-04-10,PY
2026-04-11,ES
2026-04-12,EH
2026-04-13,BO
2026-04-14,SV
2026-04-15,IN
2026-04-16,FI
2026-04-17,KI
2026-04-18,NP
2026-04-19,UY
2026-04-20,LR
2026-04-21,KP
2026-04-22,RW
2026-04-23,EE
2026-04-24,HT
2026-04-25,MT
2026-04-26,AU
2026-04-27,CF
2026-04-28,FJ
2026-04-29,ID
2026-04-30,SO
2026-05-01,BS
2026-05-02,NE
2026-05-03,NF
2026-05-04,CI
2026-05-05,SI
2026-05-06,GT
2026-05-07,VU
2026-05-08,MY
2026-05-09,BI
2026-05-10,PK
2026-05-11,PE
2026-05-12,PG
2026-05-13,PH
2026-05-14,PL
2026-05-15,RE
2026-05-16,RO
2026-05-17,NO
2026-05-18,RU
2026-05-19,SN
2026-05-20,UZ
2026-05-21,GB
2026-05-22,LT
2026-05-23,BA
2026-05-24,BD
2026-05-25,PW
2026-05-26,DK
2026-05-27,SR
2026-05-28,ZA
2026-05-29,HN
2026-05-30,VE
2026-05-31,FR
2026-06-01,AQ
2026-06-02,CO
2026-06-03,HM
2026-06-04,MR
2026-06-05,RS
2026-06-06,MG
2026-06-07,SK
2026-06-08,TN
2026-06-09,BY
2026-06-10,HR
2026-06-11,ST
2026-06-12,SJ
2026-06-13,GR
2026-06-14,TR
2026-06-15,GY
2026-06-16,YE
2026-06-17,LS
2026-06-18,BE
2026-06-19,BN
2026-06-20,CR
2026-06-21,US
2026-06-22,NC
2026-06-23,GI
2026-06-24,BZ
2026-06-25,SB
2026-06-26,JM
2026-06-27,CN
2026-06-28,UG
2026-06-29,OM
2026-06-30,PT
2026-07-01,MW
2026-07-02,CX
2026-07-03,SE
2026-07-04,TF
2026-07-05,DZ
2026-07-06,QA
2026-07-07,GA
2026-07-08,CH
2026-07-09,LY
2026-07-10,JE
2026-07-11,ER
2026-07-12,FK
2026-07-13,BR
2026-07-14,VN
2026-07-15,SS
2026-07-16,MK
2026-07-17,KZ
2026-07-18,GF
2026-07-19,PF
2026-07-20,ML
2026-07-21,AF
2026-07-22,GM
2026-07-23,SA
2026-07-24,CA
2026-07-25,FI
2026-07-26,PR
2026-07-27,IO
2026-07-28,MQ
2026-07-29,UA
2026-07-30,UY
2026-07-31,GL
2026-08-01,SL
2026-08-02,PA
2026-08-03,LV
2026-08-04,KW
2026-08-05,GD
2026-08-06,CZ
2026-08-07,BW
2026-08-08,AL
2026-08-09,TW
2026-08-10,ZM
2026-08-11,AR
2026-08-12,SO
2026-08-13,MS
2026-08-14,MZ
2026-08-15,GT
2026-08-16,GW
2026-08-17,CL
2026-08-18,CG
2026-08-19,AM
2026-08-20,CI
2026-08-21,SG
2026-08-22,BF
2026-08-23,PL
2026-08-24,ET
2026-08-25,TL
2026-08-26,JP
2026-08-27,ES
2026-08-28,HU
2026-08-29,AS
2026-08-30,SI
2026-08-31,DE
2026-09-01,GH
2026-09-02,AU
2026-09-03,NO
2026-09-04,VU
2026-09-05,CU
2026-09-06,TZ
2026-09-07,LU
2026-09-08,BI
2026-09-09,KR
2026-09-10,AT
2026-09-11,MD
2026-09-12,BG
2026-09-13,PH
2026-09-14,EC
2026-09-15,LK
2026-09-16,GU
2026-09-17,UZ
2026-09-18,LR
2026-09-19,AZ
2026-09-20,SN
2026-09-21,RS
2026-09-22,SK
2026-09-23,ZA
2026-09-24,CC
2026-09-25,HR
2026-09-26,CO
2026-09-27,CY
2026-09-28,NP
2026-09-29,MA
2026-09-30,IE
2026-10-01,TJ
2026-10-02,LT
2026-10-03,KH
2026-10-04,IS
2026-10-05,BB
2026-10-06,GR
2026-10-07,AO
2026-10-08,FR
2026-10-09,VE
2026-10-10,GE
2026-10-11,GB
2026-10-12,NL
2026-10-13,CD
2026-10-14,AE
2026-10-15,NA
2026-10-16,CN
2026-10-17,TK
2026-10-18,KE
2026-10-19,BN
2026-10-20,PT
2026-10-21,SD
2026-10-22,KG
2026-10-23,CM
2026-10-24,SB
2026-10-25,AD
2026-10-26,OM
2026-10-27,SZ
2026-10-28,GY
2026-10-29,BS
2026-10-30,QA
2026-10-31,IT
2026-11-01,LA
2026-11-02,JM
2026-11-03,DK
2026-11-04,DZ
2026-11-05,BQ
2026-11-06,RW
2026-11-07,MY
2026-11-08,ER
2026-11-09,DO
2026-11-10,NC
2026-11-11,LV
2026-11-12,SE
2026-11-13,CK
2026-11-14,ML
2026-11-15,IR
2026-11-16,SS
2026-11-17,CA
2026-11-18,BD
2026-11-19,GM
2026-11-20,PK
2026-11-21,BV
2026-11-22,MN
2026-11-23,GL
2026-11-24,TH
2026-11-25,FK
2026-11-26,SO
2026-11-27,KP
2026-11-28,BJ
2026-11-29,MC
2026-11-30,BY
2026-12-01,AR
2026-12-02,CG
2026-12-03,RO
2026-12-04,TR
2026-12-05,HT
2026-12-06,NZ
2026-12-07,CV
2026-12-08,PE
2026-12-09,TL
2026-12-10,CZ
2026-12-11,NE
2026-12-12,BE
2026-12-13,US
2026-12-14,DE
2026-12-15,SI
2026-12-16,KM
2026-12-17,NI
2026-12-18,AM
2026-12-19,HN
2026-12-20,TN
2026-12-21,MK
2026-12-22,IN
2026-12-23,TD
2026-12-24,UY
2026-12-25,PW
2026-12-26,IQ
2026-12-27,CR
2026-12-28,UA
2026-12-29,NO
2026-12-30,MR
2026-12-31,SA
2027-01-01,GH
2027-01-02,BT
2027-01-03,CH
2027-01-04,TG
2027-01-05,NU
2027-01-06,GF
2027-01-07,AZ
2027-01-08,RS
2027-01-09,LS
2027-01-10,PA
2027-01-11,SK
2027-01-12,TT
2027-01-13,MH
2027-01-14,BZ
2027-01-15,CL
2027-01-16,NG
2027-01-17,PR
2027-01-18,LK
2027-01-19,GB
2027-01-20,MX
2027-01-21,AW
2027-01-22,TM
2027-01-23,TF
2027-01-24,TW
2027-01-25,ET
2027-01-26,KR
2027-01-27,EC
2027-01-28,SN
2027-01-29,NF
2027-01-30,IO
2027-01-31,TZ
2027-02-01,GE
2027-02-02,CD
2027-02-03,BG
2027-02-04,HU
2027-02-05,GA
2027-02-06,DM
2027-02-07,IE
2027-02-08,GR
2027-02-09,SV
2027-02-10,EE
2027-02-11,GT
2027-02-12,BO
2027-02-13,ZA
2027-02-14,MV
2027-02-15,MD
2027-02-16,FJ
2027-02-17,AQ
2027-02-18,BA
2027-02-19,ES
2027-02-20,TJ
2027-02-21,GN
2027-02-22,AE
2027-02-23,CW
2027-02-24,KE
2027-02-25,AF
2027-02-26,LR
2027-02-27,NP
2027-02-28,BW
2027-03-01,CN
2027-03-02,PG
2027-03-03,ER
2027-03-04,KN
2027-03-05,CO
2027-03-06,SO
2027-03-07,DK
2027-03-08,PH
2027-03-09,CA
2027-03-10,VN
2027-03-11,BS
2027-03-12,AU
2027-03-13,VG
2027-03-14,CI
2027-03-15,FI
2027-03-16,GW
2027-03-17,JM
2027-03-18,MN
2027-03-19,NZ
2027-03-20,AR
2027-03-21,CX
2027-03-22,MZ
2027-03-23,SB
2027-03-24,UZ
2027-03-25,BR
2027-03-26,MG
2027-03-27,PL
2027-03-28,TH
2027-03-29,AG
2027-03-30,GY
2027-03-31,BF
2027-04-01,NL
2027-04-02,ZW
2027-04-03,HT
2027-04-04,SI
2027-04-05,SS
2027-04-06,CK
2027-04-07,NA
2027-04-08,AM
2027-04-09,HN
2027-04-10,VU
2027-04-11,SJ
2027-04-12,SZ
2027-04-13,QA
2027-04-14,NI
2027-04-15,BH
2027-04-16,LV
2027-04-17,VE
2027-04-18,SE
2027-04-19,FK
2027-04-20,GM
2027-04-21,UA
2027-04-22,TL
2027-04-23,KI
2027-04-24,IS
2027-04-25,AL
2027-04-26,UY
2027-04-27,TR
2027-04-28,IT
2027-04-29,IR
2027-04-30,BI
2027-05-01,LI
2027-05-02,CH
2027-05-03,CG
2027-05-04,PA
2027-05-05,AT
2027-05-06,GL
2027-05-07,TW
2027-05-08,CR
2027-05-09,FM
2027-05-10,CM
2027-05-11,IN
2027-05-12,ET
2027-05-13,GB
2027-05-14,TZ
2027-05-15,SK
2027-05-16,PE
2027-05-17,NG
2027-05-18,TK
2027-05-19,SN
2027-05-20,AZ
2027-05-21,NO
2027-05-22,DE
2027-05-23,BD
2027-05-24,PY
2027-05-25,GT
2027-05-26,BB
2027-05-27,BY
2027-05-28,PT
2027-05-29,HU
2027-05-30,BA
2027-05-31,PR
2027-06-01,ZM
2027-06-02,YE
2027-06-03,BG
2027-06-04,BN
2027-06-05,DO
2027-06-06,SV
2027-06-07,HM
2027-06-08,ID
2027-06-09,LS
2027-06-10,NC
2027-06-11,AF
2027-06-12,IE
2027-06-13,TJ
2027-06-14,CY
2027-06-15,NE
2027-06-16,BE
2027-06-17,KG
2027-06-18,TG
2027-06-19,GE
2027-06-20,AQ
2027-06-21,PH
2027-06-22,GA
2027-06-23,GU
2027-06-24,DZ
2027-06-25,OM
2027-06-26,MK
2027-06-27,FI
2027-06-28,VN
2027-06-29,NZ
2027-06-30,RO
2027-07-01,SB
2027-07-02,SX
2027-07-03,CO
2027-07-04,KP
2027-07-05,BO
2027-07-06,FJ
2027-07-07,LA
2027-07-08,PG
2027-07-09,TM
2027-07-10,TD
2027-07-11,NP
2027-07-12,AS
2027-07-13,ZW
2027-07-14,IQ
2027-07-15,SO
2027-07-16,CZ
2027-07-17,PK
2027-07-18,BZ
2027-07-19,KW
2027-07-20,IM
2027-07-21,KE
2027-07-22,MY
2027-07-23,MD
2027-07-24,BJ
2027-07-25,BR
2027-07-26,CN
2027-07-27,CD
2027-07-28,KN
2027-07-29,SI
2027-07-30,LR
2027-07-31,PL
2027-08-01,GN
2027-08-02,UZ
2027-08-03,LV
2027-08-04,BT
2027-08-05,CI
2027-08-06,EC
2027-08-07,ES
2027-08-08,GW
2027-08-09,VA
2027-08-10,CF
2027-08-11,US
2027-08-12,BW
2027-08-13,TL
2027-08-14,PA
2027-08-15,IR
2027-08-16,ME
2027-08-17,GY
2027-08-18,CM
2027-08-19,VU
2027-08-20,CL
2027-08-21,GG
2027-08-22,MR
2027-08-23,GB
2027-08-24,IO
2027-08-25,SZ
2027-08-26,PE
2027-08-27,TT
2027-08-28,BF
2027-08-29,EE
2027-08-30,IS
2027-08-31,HK
2027-09-01,AO
2027-09-02,KR
2027-09-03,MG
2027-09-04,GF
2027-09-05,BI
2027-09-06,MN
2027-09-07,ET
2027-09-08,BD
2027-09-09,TZ
2027-09-10,IN
2027-09-11,SS
2027-09-12,CX
2027-09-13,MW
2027-09-14,AE
2027-09-15,GQ
2027-09-16,PY
2027-09-17,AM
2027-09-18,GR
2027-09-19,LK
2027-09-20,AI
2027-09-21,LS
2027-09-22,VE
2027-09-23,IT
2027-09-24,UY
2027-09-25,HU
2027-09-26,HT
2027-09-27,TG
2027-09-28,HM
2027-09-29,SJ
2027-09-30,ID
2027-10-01,SE
2027-10-02,IE
2027-10-03,AF
2027-10-04,ML
2027-10-05,UA
2027-10-06,LY
2027-10-07,AR
2027-10-08,NL
2027-10-09,CV
2027-10-10,MX
2027-10-11,VN
2027-10-12,FK
2027-10-13,FR
2027-10-14,PH
2027-10-15,PT
2027-10-16,BO
2027-10-17,VG
2027-10-18,LA
2027-10-19,CH
2027-10-20,EH
2027-10-21,FJ
2027-10-22,CY
2027-10-23,MA
2027-10-24,YE
2027-10-25,ER
2027-10-26,NU
2027-10-27,ZM
2027-10-28,FI
2027-10-29,DK
2027-10-30,KP
2027-10-31,PR
2027-11-01,NA
2027-11-02,AQ
2027-11-03,IM
2027-11-04,SR
2027-11-05,MZ
2027-11-06,AL
2027-11-07,HN
2027-11-08,TD
2027-11-09,MM
2027-11-10,CR
2027-11-11,BN
2027-11-12,BB
2027-11-13,DZ
2027-11-14,UZ
2027-11-15,TN
2027-11-16,TJ
2027-11-17,SB
2027-11-18,RU
2027-11-19,OM
2027-11-20,GA
2027-11-21,US
2027-11-22,LV
2027-11-23,AW
2027-11-24,NP
2027-11-25,NI
2027-11-26,CU
2027-11-27,SO
2027-11-28,GL
2027-11-29,VU
2027-11-30,CO
2027-12-01,ES
2027-12-02,GY
2027-12-03,MY
2027-12-04,NO
2027-12-05,CZ
2027-12-06,GU
2027-12-07,GB
2027-12-08,BY
2027-12-09,NE
2027-12-10,ME
2027-12-11,NC
2027-12-12,PK
2027-12-13,PL
2027-12-14,SK
2027-12-15,TW
2027-12-16,KI
2027-12-17,LR
2027-12-18,NZ
2027-12-19,NG
2027-12-20,AU
2027-12-21,BW
2027-12-22,GF
2027-12-23,KZ
2027-12-24,PW
2027-12-25,TZ
2027-12-26,CL
2027-12-27,GH
2027-12-28,MD
2027-12-29,QA
2027-12-30,IS
2027-12-31,BI
2028-01-01,SG
2028-01-02,IT
2028-01-03,CF
2028-01-04,TH
2028-01-05,MR
2028-01-06,JP
2028-01-07,CG
2028-01-08,TL
2028-01-09,NR
2028-01-10,DJ
2028-01-11,MK
2028-01-12,ZW
2028-01-13,GR
2028-01-14,RO
2028-01-15,VE
2028-01-16,TF
2028-01-17,GN
2028-01-18,VC
2028-01-19,BR
2028-01-20,RW
2028-01-21,MN
2028-01-22,BF
2028-01-23,PT
2028-01-24,EE
2028-01-25,BG
2028-01-26,SH
2028-01-27,FK
2028-01-28,KH
2028-01-29,PE
2028-01-30,BE
2028-01-31,TG
2028-02-01,SE
2028-02-02,AF
2028-02-03,TT
2028-02-04,RS
2028-02-05,UA
2028-02-06,ZA
2028-02-07,VN
2028-02-08,SD
2028-02-09,MH
2028-02-10,IO
2028-02-11,BZ
2028-02-12,TR
2028-02-13,SI
2028-02-14,NA
2028-02-15,MX
2028-02-16,GE
2028-02-17,ET
2028-02-18,CY
2028-02-19,AQ
2028-02-20,AL
2028-02-21,UG
2028-02-22,LK
2028-02-23,KN
2028-02-24,NL
2028-02-25,LS
2028-02-26,IN
2028-02-27,SZ
2028-02-28,DK
2028-02-29,BN
2028-03-01,CH
2028-03-02,CA
2028-03-03,RU
2028-03-04,AX
2028-03-05,GQ
2028-03-06,SJ
2028-03-07,CM
2028-03-08,HN
2028-03-09,PA
2028-03-10,JM
2028-03-11,CN
2028-03-12,AG
2028-03-13,SA
2028-03-14,MA
2028-03-15,DE
2028-03-16,CO
2028-03-17,AT
2028-03-18,SN
2028-03-19,NI
2028-03-20,SC
2028-03-21,ID
2028-03-22,SR
2028-03-23,EC
2028-03-24,PG
2028-03-25,BA
2028-03-26,LY
2028-03-27,US
2028-03-28,NE
2028-03-29,AR
2028-03-30,BL
2028-03-31,FI
2028-04-01,AE
2028-04-02,ZM
2028-04-03,YE
2028-04-04,BS
2028-04-05,AM
2028-04-06,BW
2028-04-07,BB
2028-04-08,ER
2028-04-09,GL
2028-04-10,DZ
2028-04-11,TM
2028-04-12,SL
2028-04-13,PY
2028-04-14,IR
2028-04-15,GM
2028-04-16,DM
2028-04-17,BI
2028-04-18,AU
2028-04-19,UY
2028-04-20,HU
2028-04-21,SB
2028-04-22,CF
2028-04-23,PR
2028-04-24,BT
2028-04-25,LV
2028-04-26,AW
2028-04-27,IS
2028-04-28,SO
2028-04-29,CL
2028-04-30,NC
2028-05-01,NG
2028-05-02,MD
2028-05-03,PL
2028-05-04,NU
2028-05-05,MG
2028-05-06,IE
2028-05-07,NP
2028-05-08,LR
2028-05-09,IQ
2028-05-10,NZ
2028-05-11,TF
2028-05-12,AZ
2028-05-13,SH
2028-05-14,IT
2028-05-15,BR
2028-05-16,KR
2028-05-17,GA
2028-05-18,BD
2028-05-19,RS
2028-05-20,JP
2028-05-21,MC
2028-05-22,KZ
2028-05-23,ME
2028-05-24,PH
2028-05-25,MZ
2028-05-26,QA
2028-05-27,SD
2028-05-28,UZ
2028-05-29,TT
2028-05-30,ES
2028-05-31,TR
2028-06-01,TK
2028-06-02,TN
2028-06-03,LK
2028-06-04,SE
2028-06-05,TZ
2028-06-06,TW
2028-06-07,ZA
2028-06-08,TJ
2028-06-09,TO
2028-06-10,CH
2028-06-11,SV
2028-06-12,KP
2028-06-13,BY
2028-06-14,IN
2028-06-15,SI
2028-06-16,CG
2028-06-17,MM
2028-06-18,AI
2028-06-19,HT
2028-06-20,CR
2028-06-21,DJ
2028-06-22,MK
2028-06-23,PE
2028-06-24,BE
2028-06-25,IO
2028-06-26,CO
2028-06-27,MN
2028-06-28,NI
2028-06-29,AX
2028-06-30,TD
2028-07-01,NO
2028-07-02,FR
2028-07-03,AQ
2028-07-04,RO
2028-07-05,GT
2028-07-06,BZ
2028-07-07,GS
2028-07-08,KW
2028-07-09,CI
2028-07-10,CU
2028-07-11,NA
2028-07-12,PT
2028-07-13,BO
2028-07-14,KE
2028-07-15,TC
2028-07-16,VE
2028-07-17,GE
2028-07-18,RU
2028-07-19,SR
2028-07-20,RW
2028-07-21,GF
2028-07-22,BW
2028-07-23,LC
2028-07-24,LT
2028-07-25,KH
2028-07-26,US
2028-07-27,SA
2028-07-28,GM
2028-07-29,CA
2028-07-30,MA
2028-07-31,KN
2028-08-01,TH
2028-08-02,AU
2028-08-03,KG
2028-08-04,GB
2028-08-05,GW
2028-08-06,TL
2028-08-07,SZ
2028-08-08,WS
2028-08-09,AE
2028-08-10,PA
2028-08-11,NL
2028-08-12,UY
2028-08-13,EC
2028-08-14,NC
2028-08-15,UG
2028-08-16,DM
2028-08-17,MX
2028-08-18,LA
2028-08-19,SS
2028-08-20,SJ
2028-08-21,AM
2028-08-22,CZ
2028-08-23,IR
2028-08-24,MP
2028-08-25,TG
2028-08-26,AT
2028-08-27,PL
2028-08-28,UA
2028-08-29,BR
2028-08-30,TM
2028-08-31,BA
2028-09-01,VU
2028-09-02,TV
2028-09-03,VN
2028-09-04,SD
2028-09-05,SB
2028-09-06,RS
2028-09-07,SN
2028-09-08,PH
2028-09-09,PG
2028-09-10,BV
2028-09-11,SL
2028-09-12,GY
2028-09-13,SO
2028-09-14,ID
2028-09-15,BJ
2028-09-16,PR
2028-09-17,BN
2028-09-18,VC
2028-09-19,GL
2028-09-20,ER
2028-09-21,MY
2028-09-22,SK
2028-09-23,AR
2028-09-24,BG
2028-09-25,AZ
2028-09-26,EE
2028-09-27,MV
2028-09-28,SI
2028-09-29,AL
2028-09-30,EH
2028-10-01,TT
2028-10-02,YE
2028-10-03,BS
2028-10-04,IO
2028-10-05,CY
2028-10-06,FO
2028-10-07,DE
2028-10-08,IS
2028-10-09,MG
2028-10-10,PK
2028-10-11,BY
2028-10-12,NE
2028-10-13,HT
2028-10-14,ZA
2028-10-15,CL
2028-10-16,SM
2028-10-17,BF
2028-10-18,MD
2028-10-19,BI
2028-10-20,KR
2028-10-21,RO
2028-10-22,PT
2028-10-23,ZW
2028-10-24,BQ
2028-10-25,UZ
2028-10-26,TN
2028-10-27,CN
2028-10-28,CF
2028-10-29,BO
2028-10-30,MM
2028-10-31,ET
2028-11-01,AI
2028-11-02,GH
2028-11-03,QA
2028-11-04,BE
2028-11-05,HN
2028-11-06,RU
2028-11-07,BT
2028-11-08,GN
2028-11-09,AG
2028-11-10,MZ
2028-11-11,SA
2028-11-12,GB
2028-11-13,BZ
2028-11-14,RW
2028-11-15,TR
2028-11-16,BW
2028-11-17,HR
2028-11-18,TC
2028-11-19,AU
2028-11-20,AO
2028-11-21,CA
2028-11-22,GF
2028-11-23,KW
2028-11-24,NZ
2028-11-25,ES
2028-11-26,ZM
2028-11-27,BM
2028-11-28,EC
2028-11-29,HU
2028-11-30,SZ
2028-12-01,LK
2028-12-02,DZ
2028-12-03,GT
2028-12-04,NI
2028-12-05,VI
2028-12-06,TD
2028-12-07,LT
2028-12-08,SS
2028-12-09,BD
2028-12-10,AQ
2028-12-11,SR
2028-12-12,NG
2028-12-13,KG
2028-12-14,FI
2028-12-15,BR
2028-12-16,VN
2028-12-17,WS
2028-12-18,ME
2028-12-19,GW
2028-12-20,KP
2028-12-21,GQ
2028-12-22,RS
2028-12-23,ID
2028-12-24,UG
2028-12-25,HK
2028-12-26,BJ
2028-12-27,MX
2028-12-28,CG
2028-12-29,PG
2028-12-30,LA
2028-12-31,SB
2029-01-01,BN
2029-01-02,NO
2029-01-03,CX
2029-01-04,VE
2029-01-05,LV
2029-01-06,FK
2029-01-07,SD
2029-01-08,MK
2029-01-09,KH
2029-01-10,TL
2029-01-11,LY
2029-01-12,IN
2029-01-13,PF
2029-01-14,CZ
2029-01-15,SJ
2029-01-16,SN
2029-01-17,OM
2029-01-18,DK
2029-01-19,CO
2029-01-20,NA
2029-01-21,PK
2029-01-22,MC
2029-01-23,NP
2029-01-24,NE
2029-01-25,PY
2029-01-26,NL
2029-01-27,PA
2029-01-28,PE
2029-01-29,NC
2029-01-30,LC
2029-01-31,TM
2029-02-01,TZ
2029-02-02,DO
2029-02-03,PH
2029-02-04,AR
2029-02-05,GY
2029-02-06,SL
2029-02-07,IO
2029-02-08,MW
2029-02-09,TV
2029-02-10,MM
2029-02-11,MG
2029-02-12,PL
2029-02-13,MY
2029-02-14,IE
2029-02-15,LR
2029-02-16,JM
2029-02-17,MV
2029-02-18,HN
2029-02-19,LS
2029-02-20,AM
2029-02-21,ML
2029-02-22,AT
2029-02-23,MR
2029-02-24,AZ
2029-02-25,TG
2029-02-26,GG
2029-02-27,SE
2029-02-28,GM
2029-03-01,PT
2029-03-02,JP
2029-03-03,MA
2029-03-04,IQ
2029-03-05,ER
2029-03-06,TO
2029-03-07,PR
2029-03-08,MD
2029-03-09,HU
2029-03-10,QA
2029-03-11,GN
2029-03-12,CR
2029-03-13,EH
2029-03-14,AD
2029-03-15,SI
2029-03-16,MN
2029-03-17,SZ
2029-03-18,BY
2029-03-19,CH
2029-03-20,HR
2029-03-21,NZ
2029-03-22,KM
2029-03-23,NI
2029-03-24,TD
2029-03-25,RO
2029-03-26,CM
2029-03-27,RU
2029-03-28,GB
2029-03-29,LT
2029-03-30,GA
2029-03-31,BE
2029-04-01,KE
2029-04-02,HT
2029-04-03,EE
2029-04-04,BZ
2029-04-05,PN
2029-04-06,ME
2029-04-07,KW
2029-04-08,DE
2029-04-09,ET
2029-04-10,SB
2029-04-11,SK
2029-04-12,RW
2029-04-13,KN
2029-04-14,SA
2029-04-15,NO
2029-04-16,KP
2029-04-17,NG
2029-04-18,IT
2029-04-19,ID
2029-04-20,GW
2029-04-21,BG
2029-04-22,TT
2029-04-23,TL
2029-04-24,MS
2029-04-25,FK
2029-04-26,GQ
2029-04-27,YE
2029-04-28,PG
2029-04-29,IS
2029-04-30,AF
2029-05-01,DJ
2029-05-02,UY
2029-05-03,SJ
2029-05-04,LY
2029-05-05,TK
2029-05-06,LV
2029-05-07,IN
2029-05-08,BJ
2029-05-09,VE
2029-05-10,AL
2029-05-11,TN
2029-05-12,KR
2029-05-13,RE
2029-05-14,BR
2029-05-15,AQ
2029-05-16,UA
2029-05-17,ES
2029-05-18,SN
2029-05-19,MK
2029-05-20,NC
2029-05-21,EC
2029-05-22,SG
2029-05-23,GR
2029-05-24,BS
2029-05-25,MX
2029-05-26,CG
2029-05-27,RS
2029-05-28,GE
2029-05-29,TZ
2029-05-30,IR
2029-05-31,US
2029-06-01,BM
2029-06-02,AU
2029-06-03,DZ
2029-06-04,UZ
2029-06-05,MG
2029-06-06,KG
2029-06-07,HN
2029-06-08,IE
2029-06-09,AS
2029-06-10,PY
2029-06-11,JM
2029-06-12,BF
2029-06-13,TW
2029-06-14,ML
2029-06-15,FJ
2029-06-16,AO
2029-06-17,LC
2029-06-18,SO
2029-06-19,LA
2029-06-20,ZM
2029-06-21,LK
2029-06-22,MD
2029-06-23,GN
2029-06-24,CO
2029-06-25,AD
2029-06-26,BY
2029-06-27,TH
2029-06-28,PA
2029-06-29,LS
2029-06-30,BO
2029-07-01,MW
2029-07-02,GL
2029-07-03,CA
2029-07-04,FI
2029-07-05,BA
2029-07-06,GB
2029-07-07,BH
2029-07-08,CH
2029-07-09,PE
2029-07-10,SL
2029-07-11,HU
2029-07-12,CD
2029-07-13,BD
2029-07-14,PL
2029-07-15,FM
2029-07-16,CL
2029-07-17,AR
2029-07-18,OM
2029-07-19,KE
2029-07-20,AE
2029-07-21,CR
2029-07-22,KW
2029-07-23,EE
2029-07-24,MN
2029-07-25,TG
2029-07-26,PK
2029-07-27,VU
2029-07-28,CI
2029-07-29,LT
2029-07-30,BB
2029-07-31,AM
2029-08-01,BZ
2029-08-02,VN
2029-08-03,SE
2029-08-04,BE
2029-08-05,EH
2029-08-06,TJ
2029-08-07,WS
2029-08-08,NG
2029-08-09,ME
2029-08-10,KP
2029-08-11,TL
2029-08-12,IO
2029-08-13,FR
2029-08-14,MA
2029-08-15,SR
2029-08-16,AI
2029-08-17,DJ
2029-08-18,KZ
2029-08-19,PT
2029-08-20,MR
2029-08-21,YE
2029-08-22,SV
2029-08-23,PR
2029-08-24,BI
2029-08-25,NR
2029-08-26,TT
2029-08-27,ET
2029-08-28,QA
2029-08-29,CF
2029-08-30,BT
2029-08-31,BJ
2029-09-01,AZ
2029-09-02,GI
2029-09-03,MK
2029-09-04,PG
2029-09-05,ZW
2029-09-06,EC
2029-09-07,MX
2029-09-08,TZ
2029-09-09,BN
2029-09-10,MP
2029-09-11,RO
2029-09-12,BW
2029-09-13,IT
2029-09-14,SS
2029-09-15,TR
2029-09-16,CY
2029-09-17,MZ
2029-09-18,PW
2029-09-19,AL
2029-09-20,RU
2029-09-21,KH
2029-09-22,ML
2029-09-23,VE
2029-09-24,JM
2029-09-25,KG
2029-09-26,TV
2029-09-27,GR
2029-09-28,SI
2029-09-29,CN
2029-09-30,CZ
2029-10-01,MD
2029-10-02,TN
2029-10-03,SA
2029-10-04,NA
2029-10-05,VA
2029-10-06,SK
2029-10-07,BG
2029-10-08,ZM
2029-10-09,GF
2029-10-10,BF
2029-10-11,HN
2029-10-12,MG
2029-10-13,PA
2029-10-14,FI
2029-10-15,IM
2029-10-16,MM
2029-10-17,PY
2029-10-18,SD
2029-10-19,UZ
2029-10-20,LY
2029-10-21,BO
2029-10-22,NO
2029-10-23,CD
2029-10-24,GS
2029-10-25,PL
2029-10-26,GQ
2029-10-27,SJ
2029-10-28,GW
2029-10-29,UY
2029-10-30,NP
2029-10-31,NI
2029-11-01,BM
2029-11-02,AF
2029-11-03,SB
2029-11-04,OM
2029-11-05,LS
2029-11-06,GY
2029-11-07,DK
2029-11-08,IE
2029-11-09,PF
2029-11-10,RW
2029-11-11,FK
2029-11-12,TG
2029-11-13,IN
2029-11-14,VU
2029-11-15,MN
2029-11-16,DZ
2029-11-17,FM
2029-11-18,BE
2029-11-19,KP
2029-11-20,SZ
2029-11-21,MY
2029-11-22,HR
2029-11-23,IR
2029-11-24,CM
2029-11-25,GU
2029-11-26,AM
2029-11-27,DJ
2029-11-28,GB
2029-11-29,NC
2029-11-30,ES
2029-12-01,BS
2029-12-02,AO
2029-12-03,BL
2029-12-04,US
2029-12-05,GL
2029-12-06,TF
2029-12-07,EE
2029-12-08,DO
2029-12-09,PE
2029-12-10,SR
2029-12-11,TK
2029-12-12,UG
2029-12-13,VN
2029-12-14,ZW
2029-12-15,AU
2029-12-16,JP
2029-12-17,LV
2029-12-18,MW
2029-12-19,NL
2029-12-20,AE
2029-12-21,BA
2029-12-22,KM
2029-12-23,FJ
2029-12-24,GN
2029-12-25,NZ
2029-12-26,PK
2029-12-27,SN
2029-12-28,TJ
2029-12-29,BY
2029-12-30,CU
2029-12-31,GT
2030-01-01,BT
2030-01-02,RS
2030-01-03,BV
2030-01-04,SO
2030-01-05,BR
2030-01-06,ZA
2030-01-07,IT
2030-01-08,SS
2030-01-09,KZ
2030-01-10,AQ
2030-01-11,PT
2030-01-12,HT
2030-01-13,AT
2030-01-14,NU
2030-01-15,FR
2030-01-16,YE
2030-01-17,NE
2030-01-18,GE
2030-01-19,AR
2030-01-20,BI
2030-01-21,KR
2030-01-22,JM
2030-01-23,BZ
2030-01-24,NR
2030-01-25,EC
2030-01-26,TL
2030-01-27,LT
2030-01-28,TD
2030-01-29,LK
2030-01-30,CA
2030-01-31,SL
2030-02-01,PR
2030-02-02,VG
2030-02-03,MR
2030-02-04,AL
2030-02-05,SD
2030-02-06,SJ
2030-02-07,SV
2030-02-08,PY
2030-02-09,IO
2030-02-10,MP
2030-02-11,ET
2030-02-12,UY
2030-02-13,MX
2030-02-14,MK
2030-02-15,FI
2030-02-16,UZ
2030-02-17,NO
2030-02-18,GM
2030-02-19,CW
2030-02-20,CH
2030-02-21,PA
2030-02-22,AZ
2030-02-23,VU
2030-02-24,FK
2030-02-25,OM
2030-02-26,IS
2030-02-27,TW
2030-02-28,PW
2030-03-01,GF
2030-03-02,PG
2030-03-03,BD
2030-03-04,DE
2030-03-05,RW
2030-03-06,GR
2030-03-07,HN
2030-03-08,SC
2030-03-09,BN
2030-03-10,ES
2030-03-11,BS
2030-03-12,GQ
2030-03-13,KW
2030-03-14,PL
2030-03-15,QA
2030-03-16,VA
2030-03-17,KH
2030-03-18,TF
2030-03-19,MA
2030-03-20,PE
2030-03-21,DO
2030-03-22,BG
2030-03-23,AF
2030-03-24,NC
2030-03-25,KG
2030-03-26,GA
2030-03-27,CO
2030-03-28,GS
2030-03-29,PH
2030-03-30,TT
2030-03-31,CI
2030-04-01,KP
2030-04-02,BF
2030-04-03,RO
2030-04-04,RU
2030-04-05,KM
2030-04-06,SA
2030-04-07,CG
2030-04-08,EE
2030-04-09,SK
2030-04-10,GY
2030-04-11,NG
2030-04-12,TR
2030-04-13,CM
2030-04-14,HK
2030-04-15,NL
2030-04-16,TH
2030-04-17,LS
2030-04-18,RS
2030-04-19,AO
2030-04-20,BY
2030-04-21,SN
2030-04-22,HM
2030-04-23,AQ
2030-04-24,UA
2030-04-25,MD
2030-04-26,HR
2030-04-27,TJ
2030-04-28,LV
2030-04-29,CF
2030-04-30,MQ
2030-05-01,PK
2030-05-02,HT
2030-05-03,KE
2030-05-04,DK
2030-05-05,SZ
2030-05-06,GE
2030-05-07,BO
2030-05-08,BI
2030-05-09,VI
2030-05-10,DJ
2030-05-11,CA
2030-05-12,EC
2030-05-13,GL
2030-05-14,SL
2030-05-15,PT
2030-05-16,SI
2030-05-17,TL
2030-05-18,PM
2030-05-19,SE
2030-05-20,VE
2030-05-21,FJ
2030-05-22,PY
2030-05-23,AM
2030-05-24,LT
2030-05-25,TM
2030-05-26,FI
2030-05-27,PN
2030-05-28,AR
2030-05-29,GT
2030-05-30,VN
2030-05-31,AT
2030-06-01,CR
2030-06-02,SB
2030-06-03,AL
2030-06-04,MC
2030-06-05,BA
2030-06-06,MK
2030-06-07,UG
2030-06-08,IT
2030-06-09,AU
2030-06-10,BE
2030-06-11,ZW
2030-06-12,MT
2030-06-13,IE
2030-06-14,EH
2030-06-15,AE
2030-06-16,GN
2030-06-17,UZ
2030-06-18,TZ
2030-06-19,IS
2030-06-20,FR
2030-06-21,ER
2030-06-22,DM
2030-06-23,CU
2030-06-24,CL
2030-06-25,TD
2030-06-26,KR
2030-06-27,SO
2030-06-28,ES
2030-06-29,PR
2030-06-30,PA
2030-07-01,AI
2030-07-02,CY
2030-07-03,ID
2030-07-04,MA
2030-07-05,LK
2030-07-06,BS
2030-07-07,CO
2030-07-08,GR
2030-07-09,MX
2030-07-10,CC
2030-07-11,HU
2030-07-12,CI
2030-07-13,BT
2030-07-14,SS
2030-07-15,BR
2030-07-16,SD
2030-07-17,IO
2030-07-18,SJ
2030-07-19,BW
2030-07-20,QA
2030-07-21,PL
2030-07-22,MU
2030-07-23,MY
2030-07-24,TF
2030-07-25,DE
2030-07-26,CZ
2030-07-27,CN
2030-07-28,BZ
2030-07-29,AO
2030-07-30,AZ
2030-07-31,SR
2030-08-01,BB
2030-08-02,JM
2030-08-03,RO
2030-08-04,BN
2030-08-05,LS
2030-08-06,UA
2030-08-07,GF
2030-08-08,PE
2030-08-09,BM
2030-08-10,PG
2030-08-11,GM
2030-08-12,AQ
2030-08-13,PH
2030-08-14,DO
2030-08-15,GB
2030-08-16,GW
2030-08-17,AW
2030-08-18,RU
2030-08-19,GY
2030-08-20,CH
2030-08-21,HT
2030-08-22,ET
2030-08-23,TH
2030-08-24,RS
2030-08-25,GU
2030-08-26,DJ
2030-08-27,SE
2030-08-28,IN
2030-08-29,SZ
2030-08-30,JP
2030-08-31,EE
2030-09-01,SK
2030-09-02,MP
2030-09-03,LR
2030-09-04,TW
2030-09-05,PT
2030-09-06,ME
2030-09-07,KZ
2030-09-08,FK
2030-09-09,CG
2030-09-10,TO
2030-09-11,CR
2030-09-12,LT
2030-09-13,MN
2030-09-14,TN
2030-09-15,DK
2030-09-16,MZ
2030-09-17,KP
2030-09-18,BQ
2030-09-19,FJ
2030-09-20,GH
2030-09-21,IR
2030-09-22,EH
2030-09-23,MD
2030-09-24,BG
2030-09-25,PY
2030-09-26,GQ
2030-09-27,TJ
2030-09-28,TT
2030-09-29,KE
2030-09-30,KY
2030-10-01,AR
2030-10-02,RW
2030-10-03,GL
2030-10-04,GA
2030-10-05,AL
2030-10-06,SA
2030-10-07,NI
2030-10-08,GI
2030-10-09,DZ
2030-10-10,PA
2030-10-11,BO
2030-10-12,ER
2030-10-13,PR
2030-10-14,TG
2030-10-15,FR
2030-10-16,LU
2030-10-17,AE
2030-10-18,GR
2030-10-19,MG
2030-10-20,SI
2030-10-21,AM
2030-10-22,CO
2030-10-23,GT
2030-10-24,CX
2030-10-25,GN
2030-10-26,LV
2030-10-27,SN
2030-10-28,TL
2030-10-29,AU
2030-10-30,BJ
2030-10-31,SB
2030-11-01,VN
2030-11-02,GG
2030-11-03,CI
2030-11-04,AT
2030-11-05,ES
2030-11-06,NZ
2030-11-07,ID
2030-11-08,CD
2030-11-09,CY
2030-11-10,MM
2030-11-11,NA
2030-11-12,NU
2030-11-13,NP
2030-11-14,RO
2030-11-15,SL
2030-11-16,KR
2030-11-17,SO
2030-11-18,LK
2030-11-19,ZA
2030-11-20,MK
2030-11-21,SJ
2030-11-22,AZ
2030-11-23,BS
2030-11-24,FO
2030-11-25,KW
2030-11-26,IT
2030-11-27,PH
2030-11-28,UG
2030-11-29,BA
2030-11-30,GW
2030-12-01,GY
2030-12-02,BY
2030-12-03,RS
2030-12-04,LS
2030-12-05,CC
2030-12-06,CH
2030-12-07,MA
2030-12-08,SV
2030-12-09,ZM
2030-12-10,FI
2030-12-11,MW
2030-12-12,DO
2030-12-13,LR
2030-12-14,QA
2030-12-15,VE
2030-12-16,CF
2030-12-17,HU
2030-12-18,NF
2030-12-19,LY
2030-12-20,KG
2030-12-21,RU
2030-12-22,YE
2030-12-23,HR
2030-12-24,IE
2030-12-25,PG
2030-12-26,UY
2030-12-27,CM
2030-12-28,IS
2030-12-29,NG
2030-12-30,BE
2030-12-31,FK
2031-01-01,BL
2031-01-02,AQ
2031-01-03,UZ
2031-01-04,TZ
2031-01-05,GB
2031-01-06,TW
2031-01-07,TT
2031-01-08,SD
2031-01-09,TR
2031-01-10,CV
2031-01-11,TM
2031-01-12,NE
2031-01-13,IN
2031-01-14,CA
2031-01-15,UA
2031-01-16,MY
2031-01-17,GQ
2031-01-18,AW
2031-01-19,SS
2031-01-20,SR
2031-01-21,EC
2031-01-22,PL
2031-01-23,TD
2031-01-24,MN
2031-01-25,DZ
2031-01-26,KI
2031-01-27,TJ
2031-01-28,SZ
2031-01-29,SK
2031-01-30,EE
2031-01-31,PY
2031-02-01,LA
2031-02-02,PA
2031-02-03,VI
2031-02-04,BW
2031-02-05,FR
2031-02-06,LT
2031-02-07,GN
2031-02-08,NL
2031-02-09,SE
2031-02-10,ME
2031-02-11,MZ
2031-02-12,NR
2031-02-13,AE
2031-02-14,US
2031-02-15,VU
2031-02-16,VN
2031-02-17,TG
2031-02-18,AF
2031-02-19,TL
2031-02-20,YT
2031-02-21,GF
2031-02-22,BR
2031-02-23,TN
2031-02-24,PE
2031-02-25,JM
2031-02-26,DK
2031-02-27,AU
2031-02-28,TH
2031-03-01,MK
2031-03-02,SA
2031-03-03,TO
2031-03-04,DJ
2031-03-05,GL
2031-03-06,KE
2031-03-07,LV
2031-03-08,NZ
2031-03-09,RW
2031-03-10,MX
2031-03-11,GW
2031-03-12,TK
2031-03-13,PH
2031-03-14,BY
2031-03-15,EH
2031-03-16,GT
2031-03-17,CD
2031-03-18,BT
2031-03-19,MG
2031-03-20,BH
2031-03-21,UG
2031-03-22,MD
2031-03-23,CL
2031-03-24,PT
2031-03-25,FJ
2031-03-26,VE
2031-03-27,ML
2031-03-28,AZ
2031-03-29,PR
2031-03-30,NP
2031-03-31,MH
2031-04-01,IO
2031-04-02,FI
2031-04-03,ZA
2031-04-04,AR
2031-04-05,KW
2031-04-06,RO
2031-04-07,CF
2031-04-08,HU
2031-04-09,TC
2031-04-10,BO
2031-04-11,IR
2031-04-12,RS
2031-04-13,AL
2031-04-14,TF
2031-04-15,MR
2031-04-16,GB
2031-04-17,VG
2031-04-18,IE
2031-04-19,BG
2031-04-20,YE
2031-04-21,NC
2031-04-22,GY
2031-04-23,KH
2031-04-24,UY
2031-04-25,PN
2031-04-26,IN
2031-04-27,CO
2031-04-28,UZ
2031-04-29,PG
2031-04-30,QA
2031-05-01,HT
2031-05-02,CM
2031-05-03,TR
2031-05-04,MA
2031-05-05,CK
2031-05-06,TM
2031-05-07,NA
2031-05-08,CY
2031-05-09,ZM
2031-05-10,AQ
2031-05-11,NI
2031-05-12,SZ
2031-05-13,DO
2031-05-14,VA
2031-05-15,TT
2031-05-16,MN
2031-05-17,LS
2031-05-18,CN
2031-05-19,CH
2031-05-20,GA
2031-05-21,KP
2031-05-22,DM
2031-05-23,TW
2031-05-24,BI
2031-05-25,SK
2031-05-26,GN
2031-05-27,AM
2031-05-28,SV
2031-05-29,UA
2031-05-30,BE
2031-05-31,VN
2031-06-01,HN
2031-06-02,KR
2031-06-03,TZ
2031-06-04,CZ
2031-06-05,NE
2031-06-06,PW
2031-06-07,AU
2031-06-08,IS
2031-06-09,SS
2031-06-10,EC
2031-06-11,AE
2031-06-12,US
2031-06-13,MM
2031-06-14,NG
2031-06-15,FK
2031-06-16,EE
2031-06-17,JP
2031-06-18,BA
2031-06-19,BW
2031-06-20,WF
2031-06-21,MX
2031-06-22,TD
2031-06-23,BR
2031-06-24,RU
2031-06-25,GE
2031-06-26,EH
2031-06-27,VU
2031-06-28,MU
2031-06-29,CA
2031-06-30,MK
2031-07-01,LY
2031-07-02,ID
2031-07-03,NL
2031-07-04,LT
2031-07-05,IQ
2031-07-06,GI
2031-07-07,MW
2031-07-08,IT
2031-07-09,GH
2031-07-10,PY
2031-07-11,NP
2031-07-12,LR
2031-07-13,JM
2031-07-14,HM
2031-07-15,FJ
2031-07-16,CD
2031-07-17,CL
2031-07-18,BZ
2031-07-19,DZ
2031-07-20,SE
2031-07-21,ES
2031-07-22,SB
2031-07-23,SN
2031-07-24,LC
2031-07-25,PE
2031-07-26,OM
2031-07-27,RW
2031-07-28,PR
2031-07-29,PH
2031-07-30,ZA
2031-07-31,IE
2031-08-01,NC
2031-08-02,GM
2031-08-03,AR
2031-08-04,DE
2031-08-05,AW
2031-08-06,RS
2031-08-07,KZ
2031-08-08,CG
2031-08-09,GB
2031-08-10,FR
2031-08-11,CI
2031-08-12,HU
2031-08-13,ET
2031-08-14,KI
2031-08-15,GR
2031-08-16,MG
2031-08-17,IN
2031-08-18,MA
2031-08-19,KW
2031-08-20,CO
2031-08-21,KE
2031-08-22,SG
2031-08-23,SO
2031-08-24,BT
2031-08-25,CF
2031-08-26,KG
2031-08-27,LV
2031-08-28,LK
2031-08-29,BO
2031-08-30,SI
2031-08-31,PA
2031-09-01,CH
2031-09-02,BH
2031-09-03,TT
2031-09-04,BF
2031-09-05,GL
2031-09-06,MZ
2031-09-07,SR
2031-09-08,AT
2031-09-09,GQ
2031-09-10,IR
2031-09-11,LU
2031-09-12,NA
2031-09-13,PG
2031-09-14,SA
2031-09-15,SD
2031-09-16,UA
2031-09-17,ZW
2031-09-18,BY
2031-09-19,CN
2031-09-20,HT
2031-09-21,GP
2031-09-22,IO
2031-09-23,BE
2031-09-24,SJ
2031-09-25,MM
2031-09-26,ML
2031-09-27,GF
2031-09-28,DO
2031-09-29,AI
2031-09-30,FI
2031-10-01,GT
2031-10-02,AM
2031-10-03,PL
2031-10-04,HN
2031-10-05,ZM
2031-10-06,PT
2031-10-07,GU
2031-10-08,AZ
2031-10-09,RO
2031-10-10,TL
2031-10-11,CM
2031-10-12,JP
2031-10-13,RU
2031-10-14,AF
2031-10-15,SZ
2031-10-16,MT
2031-10-17,KR
2031-10-18,BJ
2031-10-19,GY
2031-10-20,LA
2031-10-21,AO
2031-10-22,TF
2031-10-23,NL
2031-10-24,US
2031-10-25,CU
2031-10-26,MQ
2031-10-27,TW
2031-10-28,GA
2031-10-29,PK
2031-10-30,NE
2031-10-31,VE
2031-11-01,IS
2031-11-02,MR
2031-11-03,PN
2031-11-04,SE
2031-11-05,VU
2031-11-06,BA
2031-11-07,CY
2031-11-08,NP
2031-11-09,PR
2031-11-10,SN
2031-11-11,WS
2031-11-12,RW
2031-11-13,TM
2031-11-14,TG
2031-11-15,TR
2031-11-16,BZ
2031-11-17,BS
2031-11-18,BD
2031-11-19,AW
2031-11-20,SL
2031-11-21,VN
2031-11-22,SS
2031-11-23,AU
2031-11-24,TN
2031-11-25,BR
2031-11-26,EH
2031-11-27,CA
2031-11-28,AQ
2031-11-29,CZ
2031-11-30,BM
2031-12-01,BW
2031-12-02,QA
2031-12-03,BI
2031-12-04,SB
2031-12-05,IQ
2031-12-06,BG
2031-12-07,RS
2031-12-08,HK
2031-12-09,BO
2031-12-10,TJ
2031-12-11,ZA
2031-12-12,BT
2031-12-13,AR
2031-12-14,SV
2031-12-15,CD
2031-12-16,KG
2031-12-17,IM
2031-12-18,HU
2031-12-19,NG
2031-12-20,LV
2031-12-21,DK
2031-12-22,UY
2031-12-23,SR
2031-12-24,MX
2031-12-25,ER
2031-12-26,SX
2031-12-27,TH
2031-12-28,MD
2031-12-29,FK
2031-12-30,ID
2031-12-31,NC
2032-01-01,UG
2032-01-02,CO
2032-01-03,LI
2032-01-04,SI
2032-01-05,SA
2032-01-06,AT
2032-01-07,FR
2032-01-08,NZ
2032-01-09,UA
2032-01-10,BF
2032-01-11,BV
2032-01-12,SK
2032-01-13,PL
2032-01-14,PG
2032-01-15,FJ
2032-01-16,EE
2032-01-17,DO
2032-01-18,DJ
2032-01-19,TL
2032-01-20,MU
2032-01-21,AZ
2032-01-22,ML
2032-01-23,UZ
2032-01-24,IE
2032-01-25,ZW
2032-01-26,LT
2032-01-27,AM
2032-01-28,MC
2032-01-29,BJ
2032-01-30,EC
2032-01-31,YE
2032-02-01,HT
2032-02-02,CF
2032-02-03,TT
2032-02-04,CL
2032-02-05,AE
2032-02-06,NU
2032-02-07,GA
2032-02-08,MK
2032-02-09,GE
2032-02-10,GB
2032-02-11,SD
2032-02-12,PY
2032-02-13,MN
2032-02-14,IS
2032-02-15,TF
2032-02-16,TD
2032-02-17,BH
2032-02-18,US
2032-02-19,KR
2032-02-20,LR
2032-02-21,RO
2032-02-22,VE
2032-02-23,CN
2032-02-24,GH
2032-02-25,KP
2032-02-26,SE
2032-02-27,PE
2032-02-28,TC
2032-02-29,IO
2032-03-01,MZ
2032-03-02,HR
2032-03-03,TG
2032-03-04,GL
2032-03-05,AO
2032-03-06,NI
2032-03-07,SZ
2032-03-08,TR
2032-03-09,MT
2032-03-10,MR
2032-03-11,VU
2032-03-12,PH
2032-03-13,BA
2032-03-14,LA
2032-03-15,TN
2032-03-16,FI
2032-03-17,PT
2032-03-18,BZ
2032-03-19,TW
2032-03-20,RU
2032-03-21,TM
2032-03-22,RE
2032-03-23,MY
2032-03-24,GF
2032-03-25,BI
2032-03-26,CR
2032-03-27,AF
2032-03-28,SB
2032-03-29,EH
2032-03-30,AL
2032-03-31,HU
2032-04-01,RW
2032-04-02,LK
2032-04-03,UY
2032-04-04,AS
2032-04-05,BW
2032-04-06,CU
2032-04-07,GM
2032-04-08,JM
2032-04-09,MD
2032-04-10,PR
2032-04-11,UG
2032-04-12,BD
2032-04-13,ET
2032-04-14,LV
2032-04-15,PN
2032-04-16,TJ
2032-04-17,BY
2032-04-18,SV
2032-04-19,JP
2032-04-20,SO
2032-04-21,CY
2032-04-22,NE
2032-04-23,AU
2032-04-24,KG
2032-04-25,TV
2032-04-26,UA
2032-04-27,DE
2032-04-28,SA
2032-04-29,CA
2032-04-30,BF
2032-05-01,BE
2032-05-02,BS
2032-05-03,DO
2032-05-04,JE
2032-05-05,HN
2032-05-06,NA
2032-05-07,ES
2032-05-08,ZW
2032-05-09,UZ
2032-05-10,SI
2032-05-11,TZ
2032-05-12,LU
2032-05-13,ME
2032-05-14,NO
2032-05-15,QA
2032-05-16,GR
2032-05-17,ID
2032-05-18,KE
2032-05-19,BN
2032-05-20,GG
2032-05-21,LT
2032-05-22,GE
2032-05-23,IT
2032-05-24,FJ
2032-05-25,IE
2032-05-26,GQ
2032-05-27,IS
2032-05-28,DK
2032-05-29,GW
2032-05-30,MO
2032-05-31,TF
2032-06-01,KZ
2032-06-02,MA
2032-06-03,GT
2032-06-04,KW
2032-06-05,NL
2032-06-06,SN
2032-06-07,TC
2032-06-08,DZ
2032-06-09,BR
2032-06-10,AE
2032-06-11,TL
2032-06-12,TH
2032-06-13,SS
2032-06-14,NC
2032-06-15,MC
2032-06-16,MG
2032-06-17,MX
2032-06-18,EC
2032-06-19,CZ
2032-06-20,KH
2032-06-21,GH
2032-06-22,GY
2032-06-23,GP
2032-06-24,MZ
2032-06-25,MM
2032-06-26,ML
2032-06-27,MN
2032-06-28,SK
2032-06-29,ZA
2032-06-30,PG
2032-07-01,GI
2032-07-02,VN
2032-07-03,CO
2032-07-04,SD
2032-07-05,IQ
2032-07-06,NG
2032-07-07,FI
2032-07-08,LR
2032-07-09,VG
2032-07-10,GL
2032-07-11,GN
2032-07-12,LA
2032-07-13,LS
2032-07-14,NP
2032-07-15,NZ
2032-07-16,NI
2032-07-17,PL
2032-07-18,RU
2032-07-19,SB
2032-07-20,BT
2032-07-21,FM
2032-07-22,LY
2032-07-23,GB
2032-07-24,TG
2032-07-25,KR
2032-07-26,CD
2032-07-27,CL
2032-07-28,KP
2032-07-29,MD
2032-07-30,ET
2032-07-31,NU
2032-08-01,PR
2032-08-02,GM
2032-08-03,VE
2032-08-04,CR
2032-08-05,SR
2032-08-06,JM
2032-08-07,BZ
2032-08-08,RO
2032-08-09,GD
2032-08-10,JP
2032-08-11,BF
2032-08-12,FK
2032-08-13,EH
2032-08-14,OM
2032-08-15,FR
2032-08-16,KG
2032-08-17,CF
2032-08-18,TK
2032-08-19,AF
2032-08-20,ES
2032-08-21,DE
2032-08-22,BG
2032-08-23,MK
2032-08-24,IN
2032-08-25,VU
2032-08-26,LC
2032-08-27,DO
2032-08-28,AM
2032-08-29,MW
2032-08-30,HT
2032-08-31,KE
2032-09-01,GF
2032-09-02,ME
2032-09-03,TJ
2032-09-04,BV
2032-09-05,HN
2032-09-06,TT
2032-09-07,CM
2032-09-08,ID
2032-09-09,PA
2032-09-10,QA
2032-09-11,TF
2032-09-12,PF
2032-09-13,GR
2032-09-14,YE
2032-09-15,UA
2032-09-16,MR
2032-09-17,LV
2032-09-18,IO
2032-09-19,BJ
2032-09-20,AL
2032-09-21,LU
2032-09-22,PT
2032-09-23,CI
2032-09-24,PE
2032-09-25,CG
2032-09-26,PY
2032-09-27,TD
2032-09-28,PH
2032-09-29,KM
2032-09-30,AZ
2032-10-01,HR
2032-10-02,GT
2032-10-03,MA
2032-10-04,LK
2032-10-05,MX
2032-10-06,SI
2032-10-07,MF
2032-10-08,CU
2032-10-09,HU
2032-10-10,SS
2032-10-11,PK
2032-10-12,LT
2032-10-13,GE
2032-10-14,CY
2032-10-15,BS
2032-10-16,UG
2032-10-17,SA
2032-10-18,KI
2032-10-19,FJ
2032-10-20,RS
2032-10-21,EC
2032-10-22,TN
2032-10-23,GY
2032-10-24,TH
2032-10-25,GA
2032-10-26,TO
2032-10-27,GH
2032-10-28,IS
2032-10-29,TR
2032-10-30,TL
2032-10-31,AQ
2032-11-01,SL
2032-11-02,GL
2032-11-03,SB
2032-11-04,GP
2032-11-05,TM
2032-11-06,IE
2032-11-07,AR
2032-11-08,MZ
2032-11-09,BN
2032-11-10,MG
2032-11-11,BD
2032-11-12,GG
2032-11-13,PL
2032-11-14,AU
2032-11-15,MY
2032-11-16,SR
2032-11-17,CL
2032-11-18,PG
2032-11-19,DZ
2032-11-20,SG
2032-11-21,PR
2032-11-22,LY
2032-11-23,KW
2032-11-24,IT
2032-11-25,DJ
2032-11-26,CZ
2032-11-27,TG
2032-11-28,TC
2032-11-29,NZ
2032-11-30,RO
2032-12-01,ZM
2032-12-02,VE
2032-12-03,RU
2032-12-04,RW
2032-12-05,IN
2032-12-06,GU
2032-12-07,GN
2032-12-08,BY
2032-12-09,SJ
2032-12-10,VN
2032-12-11,CD
2032-12-12,AE
2032-12-13,BI
2032-12-14,HK
2032-12-15,NL
2032-12-16,FK
2032-12-17,ML
2032-12-18,KR
2032-12-19,BE
2032-12-20,EH
2032-12-21,MM
2032-12-22,CK
2032-12-23,SO
2032-12-24,TT
2032-12-25,KG
2032-12-26,BO
2032-12-27,CN
2032-12-28,SK
2032-12-29,GW
2032-12-30,EE
2032-12-31,AX
2033-01-01,CA
2033-01-02,NA
2033-01-03,AT
2033-01-04,LA
2033-01-05,ES
2033-01-06,GQ
2033-01-07,PT
2033-01-08,BH
2033-01-09,KE
2033-01-10,BR
2033-01-11,UZ
2033-01-12,DK
2033-01-13,BZ
2033-01-14,UA
2033-01-15,CM
2033-01-16,BL
2033-01-17,SV
2033-01-18,BJ
2033-01-19,GT
2033-01-20,MW
2033-01-21,LK
2033-01-22,MR
2033-01-23,GE
2033-01-24,BA
2033-01-25,HT
2033-01-26,BG
2033-01-27,TV
2033-01-28,KP
2033-01-29,GB
2033-01-30,PA
2033-01-31,UG
2033-02-01,AZ
2033-02-02,GF
2033-02-03,PK
2033-02-04,MF
2033-02-05,MN
2033-02-06,TN
2033-02-07,CO
2033-02-08,ZA
2033-02-09,BT
2033-02-10,US
2033-02-11,LV
2033-02-12,BS
2033-02-13,BB
2033-02-14,NC
2033-02-15,CG
2033-02-16,SA
2033-02-17,SN
2033-02-18,FR
2033-02-19,TH
2033-02-20,BW
2033-02-21,BV
2033-02-22,KH
2033-02-23,TD
2033-02-24,QA
2033-02-25,RS
2033-02-26,SI
2033-02-27,SS
2033-02-28,SR
2033-03-01,AU
2033-03-02,BF
2033-03-03,DM
2033-03-04,MK
2033-03-05,SL
2033-03-06,CL
2033-03-07,DJ
2033-03-08,PG
2033-03-09,SB
2033-03-10,FJ
2033-03-11,NZ
2033-03-12,VI
2033-03-13,CR
2033-03-14,KZ
2033-03-15,UY
2033-03-16,CI
2033-03-17,KW
2033-03-18,SD
2033-03-19,BD
2033-03-20,GS
2033-03-21,IO
2033-03-22,GY
2033-03-23,SJ
2033-03-24,SE
2033-03-25,CF
2033-03-26,LT
2033-03-27,CH
2033-03-28,TM
2033-03-29,CY
2033-03-30,TW
2033-03-31,TZ
2033-04-01,BN
2033-04-02,KI
2033-04-03,SO
2033-04-04,BY
2033-04-05,GN
2033-04-06,PH
2033-04-07,ZW
2033-04-08,FI
2033-04-09,NI
2033-04-10,GH
2033-04-11,EC
2033-04-12,CN
2033-04-13,AT
2033-04-14,CW
2033-04-15,TG
2033-04-16,KR
2033-04-17,PL
2033-04-18,NE
2033-04-19,ME
2033-04-20,CZ
2033-04-21,PE
2033-04-22,CU
2033-04-23,VC
2033-04-24,DO
2033-04-25,ES
2033-04-26,ET
2033-04-27,TJ
2033-04-28,SV
2033-04-29,TL
2033-04-30,VN
2033-05-01,RU
2033-05-02,BH
2033-05-03,BE
2033-05-04,BZ
2033-05-05,HU
2033-05-06,IN
2033-05-07,HT
2033-05-08,IT
2033-05-09,LK
2033-05-10,MX
2033-05-11,UZ
2033-05-12,FK
2033-05-13,GI
2033-05-14,PT
2033-05-15,BJ
2033-05-16,IE
2033-05-17,KG
2033-05-18,TT
2033-05-19,CD
2033-05-20,PR
2033-05-21,IR
2033-05-22,DZ
2033-05-23,HM
2033-05-24,SK
2033-05-25,BG
2033-05-26,LV
2033-05-27,TN
2033-05-28,DK
2033-05-29,US
2033-05-30,JP
2033-05-31,AR
2033-06-01,KE
2033-06-02,JM
2033-06-03,GT
2033-06-04,GP
2033-06-05,GQ
2033-06-06,EE
2033-06-07,CO
2033-06-08,BA
2033-06-09,BO
2033-06-10,ER
2033-06-11,HR
2033-06-12,HK
2033-06-13,FR
2033-06-14,GF
2033-06-15,LS
2033-06-16,LA
2033-06-17,GW
2033-06-18,HN
2033-06-19,MA
2033-06-20,CX
2033-06-21,FJ
2033-06-22,SZ
2033-06-23,CR
2033-06-24,BF
2033-06-25,AZ
2033-06-26,ZM
2033-06-27,UA
2033-06-28,BD
2033-06-29,AX
2033-06-30,AF
2033-07-01,CL
2033-07-02,SS
2033-07-03,NL
2033-07-04,DJ
2033-07-05,TH
2033-07-06,LR
2033-07-07,BR
2033-07-08,SC
2033-07-09,AU
2033-07-10,NC
2033-07-11,TF
2033-07-12,QA
2033-07-13,CM
2033-07-14,NP
2033-07-15,BS
2033-07-16,LY
2033-07-17,VU
2033-07-18,GG
2033-07-19,AL
2033-07-20,PG
2033-07-21,RO
2033-07-22,LT
2033-07-23,MN
2033-07-24,NA
2033-07-25,PA
2033-07-26,KW
2033-07-27,MW
2033-07-28,ME
2033-07-29,GD
2033-07-30,SE
2033-07-31,BT
2033-08-01,RW
2033-08-02,KR
2033-08-03,SI
2033-08-04,SD
2033-08-05,TJ
2033-08-06,TG
2033-08-07,AE
2033-08-08,VA
2033-08-09,EH
2033-08-10,AT
2033-08-11,NZ
2033-08-12,CI
2033-08-13,SB
2033-08-14,PE
2033-08-15,ET
2033-08-16,TO
2033-08-17,ID
2033-08-18,AO
2033-08-19,NI
2033-08-20,MR
2033-08-21,RU
2033-08-22,LK
2033-08-23,ZW
2033-08-24,CA
2033-08-25,GR
2033-08-26,IT
2033-08-27,NE
2033-08-28,GS
2033-08-29,TZ
2033-08-30,KZ
2033-08-31,SL
2033-09-01,MY
2033-09-02,GL
2033-09-03,GE
2033-09-04,EC
2033-09-05,CU
2033-09-06,BV
2033-09-07,BY
2033-09-08,YE
2033-09-09,TT
2033-09-10,TW
2033-09-11,SV
2033-09-12,PY
2033-09-13,AQ
2033-09-14,JM
2033-09-15,TL
2033-09-16,CN
2033-09-17,NR
2033-09-18,DZ
2033-09-19,IS
2033-09-20,GH
2033-09-21,VN
2033-09-22,CH
2033-09-23,SK
2033-09-24,PK
2033-09-25,GU
2033-09-26,GQ
2033-09-27,CO
2033-09-28,SN
2033-09-29,OM
2033-09-30,BG
2033-10-01,TN
2033-10-02,DE
2033-10-03,ES
2033-10-04,ER
2033-10-05,VC
2033-10-06,BE
2033-10-07,ML
2033-10-08,AR
2033-10-09,KE
2033-10-10,TR
2033-10-11,MG
2033-10-12,DO
2033-10-13,MD
2033-10-14,EE
2033-10-15,ZM
2033-10-16,PH
2033-10-17,CW
2033-10-18,PL
2033-10-19,GT
2033-10-20,BN
2033-10-21,US
2033-10-22,TM
2033-10-23,PT
2033-10-24,NG
2033-10-25,BL
2033-10-26,UG
2033-10-27,PR
2033-10-28,KP
2033-10-29,HN
2033-10-30,CG
2033-10-31,TH
2033-11-01,RS
2033-11-02,PW
2033-11-03,AL
2033-11-04,GN
2033-11-05,QA
2033-11-06,MX
2033-11-07,UA
2033-11-08,SZ
2033-11-09,MK
2033-11-10,FK
2033-11-11,TK
2033-11-12,LY
2033-11-13,BZ
2033-11-14,PG
2033-11-15,GW
2033-11-16,UY
2033-11-17,LT
2033-11-18,BW
2033-11-19,KR
2033-11-20,TC
2033-11-21,GM
2033-11-22,KH
2033-11-23,AU
2033-11-24,ZA
2033-11-25,FJ
2033-11-26,BT
2033-11-27,GB
2033-11-28,HM
2033-11-29,CR
2033-11-30,ET
2033-12-01,SI
2033-12-02,AO
2033-12-03,BO
2033-12-04,CI
2033-12-05,FI
2033-12-06,HK
2033-12-07,IE
2033-12-08,ME
2033-12-09,SD
2033-12-10,GR
2033-12-11,SL
2033-12-12,HR
2033-12-13,NA
2033-12-14,AG
2033-12-15,CU
2033-12-16,NI
2033-12-17,AZ
2033-12-18,HU
2033-12-19,TG
2033-12-20,TW
2033-12-21,NO
2033-12-22,IN
2033-12-23,CZ
2033-12-24,AT
2033-12-25,SG
2033-12-26,MA
2033-12-27,FR
2033-12-28,GY
2033-12-29,IO
2033-12-30,HT
2033-12-31,KG
2034-01-01,MZ
2034-01-02,JP
2034-01-03,FO
2034-01-04,BR
2034-01-05,UZ
2034-01-06,SK
2034-01-07,IS
2034-01-08,CD
2034-01-09,BS
2034-01-10,EH
2034-01-11,MY
2034-01-12,BB
2034-01-13,MM
2034-01-14,BF
2034-01-15,PA
2034-01-16,CY
2034-01-17,ID
2034-01-18,VU
2034-01-19,LV
2034-01-20,SE
2034-01-21,CK
2034-01-22,GF
2034-01-23,IQ
2034-01-24,MR
2034-01-25,PH
2034-01-26,BA
2034-01-27,DK
2034-01-28,GA
2034-01-29,RO
2034-01-30,JE
2034-01-31,YE
2034-02-01,TF
2034-02-02,DJ
2034-02-03,BN
2034-02-04,BY
2034-02-05,ZM
2034-02-06,TT
2034-02-07,TL
2034-02-08,SC
2034-02-09,PY
2034-02-10,TN
2034-02-11,OM
2034-02-12,GL
2034-02-13,UG
2034-02-14,PE
2034-02-15,IR
2034-02-16,ZW
2034-02-17,QA
2034-02-18,LS
2034-02-19,DM
2034-02-20,BE
2034-02-21,EC
2034-02-22,IT
2034-02-23,NG
2034-02-24,SJ
2034-02-25,AQ
2034-02-26,ES
2034-02-27,DZ
2034-02-28,CC
2034-03-01,MW
2034-03-02,BD
2034-03-03,MG
2034-03-04,BZ
2034-03-05,BW
2034-03-06,NZ
2034-03-07,BG
2034-03-08,NL
2034-03-09,BT
2034-03-10,AR
2034-03-11,GH
2034-03-12,PK
2034-03-13,PN
2034-03-14,AF
2034-03-15,SV
2034-03-16,NP
2034-03-17,TZ
2034-03-18,DE
2034-03-19,KP
2034-03-20,GR
2034-03-21,IM
2034-03-22,SZ
2034-03-23,KH
2034-03-24,AU
2034-03-25,TR
2034-03-26,RU
2034-03-27,NC
2034-03-28,KE
2034-03-29,GP
2034-03-30,PL
2034-03-31,CI
2034-04-01,PT
2034-04-02,TJ
2034-04-03,RS
2034-04-04,PR
2034-04-05,CH
2034-04-06,SA
2034-04-07,UA
2034-04-08,LK
2034-04-09,CW
2034-04-10,MX
2034-04-11,GE
2034-04-12,HT
2034-04-13,ML
2034-04-14,PG
2034-04-15,SN
2034-04-16,TW
2034-04-17,BQ
2034-04-18,BJ
2034-04-19,TH
2034-04-20,BI
2034-04-21,SR
2034-04-22,SD
2034-04-23,LT
2034-04-24,HR
2034-04-25,GB
2034-04-26,US
2034-04-27,NI
2034-04-28,GM
2034-04-29,GI
2034-04-30,SB
2034-05-01,MD
2034-05-02,GN
2034-05-03,CU
2034-05-04,DO
2034-05-05,BO
2034-05-06,AE
2034-05-07,ST
2034-05-08,SI
2034-05-09,NE
2034-05-10,SK
2034-05-11,HN
2034-05-12,MK
2034-05-13,TG
2034-05-14,KG
2034-05-15,LC
2034-05-16,VU
2034-05-17,CN
2034-05-18,ZA
2034-05-19,AT
2034-05-20,TT
2034-05-21,AM
2034-05-22,SO
2034-05-23,MH
2034-05-24,BR
2034-05-25,TN
2034-05-26,AZ
2034-05-27,SS
2034-05-28,VE
2034-05-29,RW
2034-05-30,PH
2034-05-31,MT
2034-06-01,IQ
2034-06-02,SE
2034-06-03,SL
2034-06-04,BN
2034-06-05,LV
2034-06-06,TM
2034-06-07,CY
2034-06-08,NG
2034-06-09,BL
2034-06-10,HU
2034-06-11,BD
2034-06-12,PY
2034-06-13,NA
2034-06-14,DK
2034-06-15,UG
2034-06-16,MY
2034-06-17,KM
2034-06-18,SJ
2034-06-19,KZ
2034-06-20,GW
2034-06-21,AL
2034-06-22,MA
2034-06-23,NO
2034-06-24,CZ
2034-06-25,GS
2034-06-26,GL
2034-06-27,ID
2034-06-28,AO
2034-06-29,NP
2034-06-30,EC
2034-07-01,QA
2034-07-02,NZ
2034-07-03,MN
2034-07-04,LY
2034-07-05,IN
2034-07-06,CK
2034-07-07,IO
2034-07-08,AR
2034-07-09,UZ
2034-07-10,EH
2034-07-11,NL
2034-07-12,CR
2034-07-13,TJ
2034-07-14,JE
2034-07-15,CD
2034-07-16,TL
2034-07-17,JP
2034-07-18,BA
2034-07-19,PL
2034-07-20,ME
2034-07-21,UY
2034-07-22,BT
2034-07-23,KI
2034-07-24,CH
2034-07-25,CI
2034-07-26,GT
2034-07-27,RO
2034-07-28,BW
2034-07-29,JM
2034-07-30,ER
2034-07-31,RU
2034-08-01,KR
2034-08-02,GF
2034-08-03,TW
2034-08-04,WF
2034-08-05,IT
2034-08-06,YE
2034-08-07,KE
2034-08-08,NC
2034-08-09,BG
2034-08-10,TZ
2034-08-11,NI
2034-08-12,DE
2034-08-13,BS
2034-08-14,ES
2034-08-15,ET
2034-08-16,AD
2034-08-17,SA
2034-08-18,IE
2034-08-19,HR
2034-08-20,KW
2034-08-21,GH
2034-08-22,VN
2034-08-23,MR
2034-08-24,LI
2034-08-25,BZ
2034-08-26,OM
2034-08-27,DJ
2034-08-28,CA
2034-08-29,RS
2034-08-30,AQ
2034-08-31,FJ
2034-09-01,SD
2034-09-02,FI
2034-09-03,MS
2034-09-04,AM
2034-09-05,SZ
2034-09-06,KP
2034-09-07,BY
2034-09-08,GA
2034-09-09,LK
2034-09-10,PR
2034-09-11,PH
2034-09-12,MU
2034-09-13,GY
2034-09-14,FR
2034-09-15,CF
2034-09-16,BO
2034-09-17,VU
2034-09-18,TT
2034-09-19,RW
2034-09-20,PF
2034-09-21,PT
2034-09-22,BN
2034-09-23,LT
2034-09-24,VE
2034-09-25,GN
2034-09-26,SB
2034-09-27,CU
2034-09-28,NU
2034-09-29,AU
2034-09-30,BF
2034-10-01,MK
2034-10-02,BD
2034-10-03,MG
2034-10-04,AL
2034-10-05,KG
2034-10-06,CW
2034-10-07,TG
2034-10-08,GR
2034-10-09,LA
2034-10-10,ZM
2034-10-11,BE
2034-10-12,AT
2034-10-13,BI
2034-10-14,BB
2034-10-15,CO
2034-10-16,FK
2034-10-17,DK
2034-10-18,GL
2034-10-19,TF
2034-10-20,MX
2034-10-21,LV
2034-10-22,IS
2034-10-23,SK
2034-10-24,QA
2034-10-25,NE
2034-10-26,FM
2034-10-27,JP
2034-10-28,GM
2034-10-29,GE
2034-10-30,BA
2034-10-31,DO
2034-11-01,SI
2034-11-02,GW
2034-11-03,SX
2034-11-04,GT
2034-11-05,AE
2034-11-06,LS
2034-11-07,BR
2034-11-08,KZ
2034-11-09,BJ
2034-11-10,HT
2034-11-11,FO
2034-11-12,CI
2034-11-13,IO
2034-11-14,AR
2034-11-15,UY
2034-11-16,TH
2034-11-17,SO
2034-11-18,RO
2034-11-19,PW
2034-11-20,NO
2034-11-21,TM
2034-11-22,MD
2034-11-23,SR
2034-11-24,BT
2034-11-25,GF
2034-11-26,MM
2034-11-27,TL
2034-11-28,BW
2034-11-29,GS
2034-11-30,ZA
2034-12-01,AZ
2034-12-02,BG
2034-12-03,TW
2034-12-04,TN
2034-12-05,PA
2034-12-06,ID
2034-12-07,LR
2034-12-08,DM
2034-12-09,ER
2034-12-10,OM
2034-12-11,NZ
2034-12-12,AF
2034-12-13,AO
2034-12-14,HN
2034-12-15,HU
2034-12-16,VC
2034-12-17,SN
2034-12-18,KR
2034-12-19,CM
2034-12-20,AM
2034-12-21,EE
2034-12-22,VN
2034-12-23,CZ
2034-12-24,VI
2034-12-25,TD
2034-12-26,SJ
2034-12-27,KH
2034-12-28,RS
2034-12-29,BS
2034-12-30,LY
2034-12-31,RU
